Antti Miettinen,LW,24,Rookie,L,71,180,26,62,63,59,77,78,83,66,63,59,68,54,40,44,581000,3,FIN,
Radim Vrbata,RW,13,Veteran,R,73,190,25,58,73,61,78,80,76,75,60,64,61,65,46,48,446120,1,CZE,
Andrei Nikolishin,C,16,Veteran,L,72,225,33,61,69,69,78,76,70,69,58,63,70,57,65,68,1452500,1,RUS,
Tomas Kloucek,D,27,Veteran,L,75,227,26,75,68,76,72,80,68,67,47,55,65,47,39,39,675000,4,CZE,
Scott Clemmensen,G,42,Veteran,L,74,205,29,75,76,80,75,84,85,74,56,71,0,0,46,50,456500,1,USA,
Erik Rasmussen,LW,15,Veteran,L,73,210,29,67,64,68,79,82,78,65,53,59,68,55,47,50,725000,4,USA,
Denis Arkhipov,C,25,Veteran,L,75,206,27,59,72,68,78,82,79,71,62,62,65,60,51,53,830000,2,RUS,
Dan Hinote,RW,18,Veteran,R,71,190,29,70,68,62,76,77,70,64,56,59,66,57,56,60,646000,2,USA,
Jamie McLennan,G,35,Veteran,L,72,195,35,77,75,74,76,83,85,74,70,77,0,0,71,76,539500,1,CAN,
Riku Hahl,C,17,Veteran,L,73,200,25,58,62,65,75,77,69,63,45,48,66,51,45,45,319550,3,FIN,
Jeff Finley,D,37,Veteran,L,74,203,39,62,65,63,79,80,80,65,48,64,68,45,79,82,1162000,1,CAN,
Daniel Tjarnqvist,D,54,Veteran,L,74,200,29,64,62,61,76,87,76,62,67,66,67,54,45,45,825000,4,SWE,
Anders Eriksson,D,40,Veteran,L,74,220,31,61,63,69,79,81,80,69,67,65,69,55,56,60,415000,1,SWE,
Niclas Wallin,D,7,Veteran,L,75,216,31,71,68,72,78,82,69,66,56,62,69,52,48,53,850000,4,SWE,
Cam Severson,LW,26,Veteran,L,74,220,28,75,60,77,70,79,55,60,45,48,60,53,40,42,355000,2,CAN,
Casey Hankinson,LW,55,Veteran,L,73,196,30,65,49,55,65,75,75,57,40,45,60,50,41,41,373500,2,USA,
Chris Armstrong,D,20,Veteran,L,72,203,31,50,50,51,65,75,94,50,45,48,50,50,48,47,373500,1,CAN,
Chris Dingman,RW,11,Veteran,L,76,240,30,80,56,89,80,82,47,55,50,54,61,50,57,61,625000,3,CAN,
Shane Willis,RW,28,Veteran,R,73,192,29,65,65,61,75,78,84,64,47,55,64,50,53,56,435750,1,CAN,
Dion Phaneuf,D,6,Rookie,L,74,205,20,76,69,74,83,86,67,73,67,71,74,56,40,46,850000,3,CAN,
Brooks Laich,LW,64,Rookie,L,74,200,22,62,60,62,72,77,79,61,60,62,66,58,40,44,500000,3,CAN,
Hannu Toivonen,G,1,Rookie,L,74,191,21,75,82,79,81,84,82,76,74,74,0,0,40,44,800000,3,FIN,
Ryan Getzlaf,C,21,Rookie,R,74,205,20,69,67,66,73,78,81,70,63,64,69,54,40,44,800000,3,CAN,
Corey Perry,RW,22,Rookie,R,72,200,20,64,71,60,77,81,78,70,64,64,65,53,40,44,800000,3,CAN,
Milan Jurcina,D,68,Rookie,R,76,200,22,65,63,67,69,84,86,62,55,57,67,44,40,44,400000,3,SVK,
Randy Jones,D,2,Rookie,L,74,200,24,62,65,69,70,72,82,67,56,55,64,44,40,44,450000,3,CAN,
Steve Montador,D,58,Veteran,R,72,210,26,74,67,62,74,80,59,66,48,54,67,48,32,32,290500,2,CAN,
Michael Holmqvist,C,34,Rookie,L,75,212,26,58,60,78,79,78,76,56,57,60,70,52,45,44,415000,2,SWE,
Ivan Novoseltsev,RW,43,Veteran,L,73,215,27,62,77,66,77,79,82,75,56,64,63,60,44,46,810000,3,RUS,
Matthew Lombardi,C,33,Veteran,L,72,200,24,59,70,60,75,81,76,70,57,62,67,68,41,45,500000,1,CAN,
Andre Roy,LW,41,Veteran,L,75,225,31,79,58,84,80,82,38,56,47,55,64,52,56,59,684750,2,USA,
Aki Berg,D,8,Veteran,L,75,213,29,65,67,71,80,82,81,66,54,65,69,46,53,56,1162000,1,FIN,
Tyler Bouck,RW,56,Veteran,L,72,203,26,66,73,65,76,78,60,73,47,54,64,51,40,43,680000,4,CAN,
Brian Savage,LW,49,Veteran,L,73,200,35,60,69,65,79,80,79,70,64,67,66,65,74,76,1400000,2,CAN,
Boyd Devereaux,C,31,Veteran,L,74,195,28,57,72,68,77,80,77,72,55,55,65,56,56,58,1328000,3,CAN,
Petr Cajanek,C,32,Veteran,L,71,191,31,66,68,60,82,79,82,69,74,68,71,64,48,51,900000,4,CZE,
Michael Rupp,LW,44,Veteran,L,77,230,26,71,62,75,79,81,74,60,55,63,67,61,47,51,725000,3,USA,
Andreas Dackell,RW,51,Veteran,L,71,192,33,58,68,58,78,81,84,66,57,62,70,55,65,67,1162000,2,SWE,
Vaclav Nedorost,LW,50,Veteran,L,73,185,24,60,68,61,78,80,86,70,51,65,68,57,40,44,842450,1,CZE,
Mathias Tjarnqvist,RW,36,Rookie,L,73,183,26,54,57,58,74,77,76,60,45,52,58,51,40,43,498000,1,SWE,
Daniel Corso,C,18,Veteran,L,69,187,28,60,79,39,65,77,77,73,42,46,63,50,37,37,497580,2,QUE,
Dany Heatley,RW,15,Veteran,L,75,205,25,73,75,77,86,78,73,75,83,81,68,84,55,57,3250000,4,CAN,
Henrik Zetterberg,C,40,Veteran,L,72,190,25,66,71,62,81,85,81,69,81,76,71,73,50,50,1150000,1,SWE,
Ken Klee,D,6,Veteran,R,72,214,35,72,64,72,82,81,84,66,67,64,74,51,81,84,1245000,2,USA,
Ilya Kovalchuk,LW,19,Veteran,R,74,220,23,72,84,77,90,89,67,78,80,82,64,86,50,52,3000000,4,RUS,
Andrew Ference,D,21,Veteran,L,70,195,27,74,69,66,78,81,72,69,69,66,72,53,60,60,1100000,3,CAN,
Dan McGillis,D,3,Veteran,L,74,226,34,74,67,71,78,82,68,71,72,64,71,53,77,77,2656000,3,CAN,
Valeri Bure,RW,28,Veteran,R,70,180,32,58,80,52,81,70,78,81,77,74,64,73,68,69,2573000,2,RUS,
Samuel Pahlsson,LW,26,Veteran,L,72,212,28,66,75,66,76,82,70,77,62,64,72,60,43,43,700000,3,SWE,
Nils Ekman,LW,45,Veteran,L,71,185,30,59,73,61,81,82,79,72,73,69,72,69,50,54,1750000,3,SWE,
Josef Vasicek,LW,63,Veteran,L,77,211,26,71,67,73,81,85,75,66,74,71,69,71,53,56,1328000,2,CZE,
Ben Simon,C,30,Veteran,L,72,200,28,66,64,60,68,70,78,65,44,53,65,51,33,33,332000,1,USA,
Roman Cechmanek,G,37,Veteran,L,75,211,35,81,80,83,84,88,91,89,65,77,0,0,63,67,2905000,2,CZE,
Brad Larsen,LW,10,Veteran,L,72,200,29,70,75,60,65,75,78,70,46,55,67,52,45,45,456500,1,CAN,
Brian Swanson,C,38,Veteran,L,70,185,30,51,72,44,65,77,65,72,58,55,61,51,39,39,394250,1,CAN,
Kevyn Adams,C,12,Veteran,R,74,195,31,68,68,68,77,81,75,66,56,59,71,60,62,64,581000,3,USA,
Wade Belak,D,11,Veteran,R,77,221,30,82,53,86,79,80,41,58,45,54,65,46,53,55,705500,1,CAN,
Mikael Tellqvist,G,35,Veteran,L,71,194,27,75,78,75,76,84,84,76,58,73,0,0,40,44,707575,2,SWE,
JP Vigier,RW,39,Veteran,R,72,210,30,61,70,63,73,75,80,75,49,55,62,62,36,36,373500,2,CAN,
Kip Brennan,LW,22,Veteran,L,76,230,26,77,56,78,65,77,38,55,44,46,64,51,32,32,365200,2,CAN,
Mike Weaver,D,43,Veteran,R,69,185,28,65,73,30,65,78,85,76,54,52,68,50,32,32,352750,2,CAN,
Darryl Sydor,D,9,Veteran,L,73,211,34,67,77,65,81,83,80,76,74,76,72,51,78,83,3859500,1,CAN,
Ronald Petrovicky,RW,41,Veteran,R,73,190,29,77,75,65,75,88,64,71,67,66,68,64,43,43,388025,2,SLO,
Marcus Ragnarsson,D,23,Veteran,L,73,215,35,69,70,69,80,84,77,69,60,64,73,54,73,78,2300000,2,SWE,
Dean McAmmond,C,13,Veteran,L,71,198,33,68,75,65,77,77,80,73,65,64,71,72,73,75,1245000,3,CAN,
Kris Draper,C,36,Veteran,L,69,190,35,72,70,62,79,85,80,69,63,66,77,71,72,77,1224250,1,CAN,
Kari Lehtonen,G,32,Rookie,L,75,200,23,70,71,72,75,80,83,69,60,64,0,0,40,44,830000,2,FIN,
Marc Bergevin,D,14,Veteran,L,73,214,41,60,56,64,75,80,78,61,56,61,67,46,90,90,200000,1,CAN,
Nikolai Khabibulin,G,42,Veteran,L,73,213,33,89,88,88,88,89,82,86,75,89,0,0,73,77,3680701,1,RUS,
Mike Ribeiro,C,71,Veteran,L,71,176,26,59,76,65,81,82,74,74,79,76,68,69,49,50,1800000,4,CAN,
Tomas Holmstrom,RW,96,Veteran,L,72,210,33,72,66,74,79,84,80,65,66,70,71,70,65,67,1224250,2,SWE,
Jarkko Ruutu,RW,48,Veteran,L,74,200,31,78,64,71,77,80,55,63,55,58,69,58,47,55,477250,1,FIN,
Willie Mitchell,D,2,Veteran,L,75,205,29,77,63,75,81,85,64,62,62,64,75,45,56,61,1120500,2,CAN,
Rob Blake,D,8,Veteran,R,76,225,36,75,72,79,83,77,83,73,76,80,80,57,91,97,7000000,3,CAN,
Reid Simpson,LW,54,Veteran,L,74,216,37,75,52,75,76,78,37,57,44,52,64,50,68,72,300000,1,CAN,
Martin Strbak,D,22,Veteran,L,75,210,31,72,61,73,81,83,72,60,63,65,72,51,58,62,539500,3,SLO,
Sergei Fedorov,C,91,Veteran,L,74,205,36,67,84,71,84,87,79,85,78,80,74,81,90,79,6432500,2,RUS,
Josh Holden,C,33,Veteran,L,72,189,28,63,70,58,73,78,76,68,43,54,62,51,43,46,373500,1,CAN,
Chris Pronger,D,44,Veteran,L,78,218,31,75,73,78,83,84,73,78,81,81,81,57,83,89,6640000,1,CAN,
Brad Stuart,D,7,Veteran,L,74,220,26,74,73,72,82,84,84,73,77,74,72,55,61,66,1452500,2,CAN,
Jason Blake,RW,14,Veteran,L,70,185,33,67,76,59,81,83,77,76,71,73,74,73,61,65,664000,2,USA,
Brendan Witt,D,24,Veteran,L,74,219,31,77,65,74,82,85,61,68,61,66,74,49,72,76,1452500,2,CAN,
Martin St.Louis,RW,30,Veteran,L,69,181,31,70,84,60,83,85,87,81,86,82,73,84,66,71,1245000,1,CAN,
Sean Burke,G,42,Veteran,L,76,209,39,85,78,86,81,84,84,79,72,80,0,0,90,92,1500000,2,CAN,
Philippe Boucher,D,46,Veteran,R,75,221,33,75,64,74,82,84,72,66,67,65,77,55,73,76,1826000,2,CAN,
Michal Handzus,C,16,Veteran,L,77,217,29,71,67,75,81,83,70,67,77,72,73,71,62,67,1272666,1,CZE,
Eric Brewer,D,5,Veteran,L,76,225,27,75,75,75,85,83,75,75,70,69,73,54,59,64,2075000,3,CAN,
Kirk Maltby,LW,19,Veteran,R,72,200,33,76,65,60,79,84,70,66,65,63,77,64,84,86,1900000,4,CAN,
Miikka Kiprusoff,G,37,Veteran,L,74,190,29,89,87,85,85,89,78,87,74,87,0,0,54,60,1577000,1,FIN,
Mark Recchi,RW,9,Veteran,L,70,190,38,69,76,63,81,82,81,77,82,75,71,75,95,96,2075000,2,CAN,
Shaun Van Allen,C,28,Veteran,L,73,206,39,71,64,66,80,82,67,68,53,66,71,49,75,78,373500,1,CAN,
Sergei Gonchar,D,56,Veteran,L,74,208,32,67,79,65,83,85,70,79,87,83,69,64,75,73,4744280,2,RUS,
Keith Tkachuk,LW,12,Veteran,L,74,231,34,75,73,75,82,85,78,73,79,81,72,82,87,90,5810000,3,USA,
Jamie Storr,G,1,Veteran,L,74,203,30,75,73,75,75,83,80,71,72,74,0,0,65,67,500000,2,CAN,
Reed Low,RW,36,Veteran,R,76,227,30,85,55,89,81,83,32,56,45,54,62,51,53,57,581000,2,CAN,
Vyacheslav Kozlov,LW,15,Veteran,L,70,185,34,68,78,59,80,78,76,76,78,75,68,73,85,75,2905000,2,RUS,
Kevin Dallman,D,3,Rookie,R,71,195,24,63,69,64,79,82,75,70,50,59,68,46,40,44,300000,3,CAN,
Craig MacDonald,LW,13,Veteran,L,74,200,29,60,61,70,72,81,72,57,55,62,64,45,33,33,332000,1,CAN,
Colton Orr,RW,52,Rookie,R,75,210,23,80,59,77,78,80,49,56,46,49,63,45,40,44,250000,3,CAN,
Jere Lehtinen,LW,29,Veteran,R,72,200,33,63,73,63,81,77,78,71,68,74,84,74,80,80,2158000,3,FIN,
Igor Ulanov,D,57,Veteran,L,75,220,37,74,59,75,80,81,81,57,61,62,74,53,76,82,498000,2,RUS,
Jim Cummins,RW,21,Veteran,R,74,210,36,80,53,73,78,82,42,54,46,51,63,50,70,73,290500,2,USA,
Pavel Datsyuk,C,18,Veteran,L,71,197,28,57,75,60,80,83,83,77,84,80,68,74,55,55,1245000,2,RUS,
Olli Jokinen,RW,17,Veteran,L,75,215,27,74,68,76,83,87,75,68,81,75,71,75,65,75,1660000,3,FIN,
Adam Mair,LW,24,Veteran,R,73,208,27,78,67,70,78,82,55,67,58,63,68,56,49,55,498000,3,CAN,
Mike Grier,RW,27,Veteran,R,73,220,31,68,66,72,75,84,78,65,68,67,70,61,68,68,1345560,3,USA,
Tyler Arnason,C,57,Veteran,L,71,192,27,59,67,61,81,82,80,67,76,72,67,73,51,56,747000,1,USA,
Andrew Alberts,D,9,Veteran,L,76,218,24,77,63,78,74,79,64,62,56,63,69,42,44,46,700000,3,USA,
Jani Hurme,G,35,Veteran,L,72,197,31,76,78,75,77,75,84,76,65,75,0,0,52,55,500000,1,FIN,
Chris Drury,RW,37,Veteran,R,70,202,30,71,78,61,79,85,70,74,77,75,72,72,60,65,2863500,3,USA,
Patrick Boileau,D,40,Veteran,R,72,200,31,67,63,60,75,78,74,60,57,61,65,50,53,55,332000,1,CAN,
Daniel Briere,C,8,Veteran,R,70,179,28,68,77,58,80,84,68,76,79,76,67,77,57,62,1328000,2,QUE,
Derek Roy,C,22,Veteran,L,69,188,23,65,68,60,74,80,80,69,62,64,64,64,40,45,747000,2,CAN,
Steve Eminger,D,42,Veteran,R,74,203,22,71,68,67,81,80,71,69,69,65,69,51,44,48,1100000,3,CAN,
Marian Gaborik,RW,14,Veteran,L,73,183,24,66,82,63,81,83,81,83,72,73,71,76,50,54,2628334,3,SLO,
Henrik Tallinder,D,23,Veteran,L,75,214,27,64,64,71,78,80,76,66,62,67,71,46,34,36,534105,1,SWE,
Chris Osgood,G,39,Veteran,L,70,178,33,85,86,78,89,89,82,79,65,82,0,0,78,83,2490000,1,CAN,
Dave Scatchard,C,38,Veteran,R,75,220,30,74,63,72,79,78,66,63,64,66,72,64,66,71,1162000,2,CAN,
Jochen Hecht,LW,18,Veteran,L,73,191,29,69,70,67,78,78,75,70,78,74,74,71,57,59,1079000,2,GER,
Dimitri Kalinin,D,45,Veteran,L,75,206,26,68,71,72,79,87,76,70,68,71,72,56,53,57,776050,2,RUS,
Martin Havlat,LW,10,Veteran,L,73,194,25,64,75,64,81,82,87,73,79,80,71,78,51,54,1245000,1,CZE,
Brenden Morrow,LW,29,Veteran,L,71,210,27,86,72,66,79,84,64,69,76,71,73,72,60,65,1162000,2,CAN,
Joni Pitkanen,D,44,Veteran,L,75,200,23,73,72,70,84,74,78,72,74,72,73,58,44,48,983550,1,FIN,
Matthew Barnaby,RW,36,Veteran,L,73,190,33,81,64,72,78,84,53,63,65,67,70,66,73,72,825000,3,CAN,
Alex Auld,G,41,Rookie,L,76,200,25,81,78,83,79,82,81,76,78,77,0,0,50,53,996000,2,CAN,
Sean Avery,LW,31,Veteran,L,69,185,26,89,64,70,78,80,25,61,69,65,71,66,50,53,365200,1,CAN,
Ryan Miller,G,1,Rookie,L,74,166,25,78,84,74,81,80,88,81,76,76,0,0,44,48,850000,3,USA,
Jonathan Hedström,LW,47,Veteran,L,72,200,27,72,66,66,79,83,66,66,62,62,69,64,55,60,340000,3,SWE,
Jay McKee,D,74,Veteran,L,75,199,29,75,64,72,78,75,76,72,53,60,73,50,60,65,1618500,2,CAN,
Sean Hill,D,11,Veteran,R,72,211,36,78,65,70,83,83,67,68,73,70,73,56,74,76,3750000,3,USA,
Michael Nylander,C,92,Veteran,L,73,195,33,63,78,63,79,78,77,78,86,76,69,67,66,70,2220250,1,SWE,
Jason Pomminville,RW,60,Rookie,R,72,178,23,62,64,59,74,75,85,67,62,60,63,61,40,44,450000,3,CAN,
Paul Gaustad,C,65,Rookie,L,76,217,23,71,60,68,75,77,70,63,62,65,70,59,40,44,450000,3,USA,
Thomas Vanek,RW,76,Rookie,R,74,208,21,64,72,65,79,84,79,71,68,68,66,70,40,44,850000,3,AUS,
Roman Hamrlik,D,5,Veteran,L,74,210,32,72,75,65,81,83,75,74,73,70,73,55,76,80,2988000,1,CZE,
Marc Chouinard,C,37,Veteran,R,77,218,29,67,64,73,80,77,83,61,57,65,70,62,58,63,580000,2,CAN,
Manny Legace,G,40,Veteran,L,69,165,33,85,86,84,82,80,88,81,76,84,0,0,75,75,913000,3,CAN,
Aleksey Morozov,LW,95,Veteran,L,73,204,29,62,74,65,81,83,81,73,77,73,64,68,60,64,1245000,3,RUS,
Rod Brind'Amour,C,26,Veteran,L,73,203,36,74,72,74,81,83,80,71,72,70,75,66,88,96,3500000,4,CAN,
Richard Zednik,RW,22,Veteran,L,73,196,30,73,77,65,81,83,75,76,70,73,69,76,62,67,1535500,1,SLO,
Daniel Sedin,LW,29,Veteran,L,74,190,26,63,71,66,78,80,78,71,77,70,73,67,50,50,1400000,3,SWE,
Cory Stillman,LW,19,Veteran,L,72,198,32,62,76,59,81,82,81,73,85,80,70,75,74,77,2282500,1,CAN,
Patrik Stefan,C,16,Veteran,L,74,210,26,58,72,66,76,82,72,74,72,69,64,64,46,45,1079000,2,CZE,
Domenic Pittis,C,17,Veteran,L,71,190,32,62,65,51,65,70,75,61,44,53,63,50,63,56,498000,2,CAN,
Ruslan Fedotenko,RW,38,Veteran,L,74,197,27,68,75,69,80,82,80,75,70,70,68,72,47,51,788500,1,UKR,
Ryan Smyth,LW,94,Veteran,L,73,190,30,76,73,69,81,79,76,74,75,76,72,74,75,75,3750000,3,CAN,
Eric Meloche,RW,36,Veteran,R,70,197,30,67,66,56,78,80,73,64,56,62,67,58,49,53,332000,2,CAN,
Andreas Lilja,D,15,Veteran,L,75,220,31,75,60,74,79,80,64,63,54,63,72,51,53,55,498000,1,SWE,
Eric Cairns,D,41,Veteran,L,78,230,32,86,60,90,82,82,37,62,53,60,65,46,64,66,747000,2,CAN,
Joe Nieuwendyk,C,30,Veteran,L,74,205,40,65,71,71,80,80,83,69,75,72,70,73,97,99,3500000,2,CAN,
Scott Mellanby,RW,27,Veteran,R,73,208,40,74,63,71,80,79,69,63,68,70,69,72,92,95,1660000,1,CAN,
Markus Naslund,LW,23,Veteran,L,72,195,33,66,77,62,81,83,74,74,86,88,71,85,72,75,4336750,1,SWE,
Tomas Kaberle,D,18,Veteran,L,73,198,28,62,77,64,85,80,85,78,82,79,75,55,65,66,1867500,1,CZE,
Henrik Sedin,C,39,Veteran,L,74,192,26,65,70,68,79,83,76,70,78,71,75,64,50,50,1300000,3,SWE,
Steve Shields,G,31,Veteran,L,75,215,34,75,74,78,76,84,82,75,65,74,0,0,65,69,996000,1,CAN,
Murray Baron,D,28,Veteran,L,75,236,39,69,58,73,82,84,78,56,52,64,73,46,88,92,913000,1,CAN,
Adrian Aucoin,D,6,Veteran,R,74,215,33,74,70,74,84,83,82,72,76,74,77,55,70,75,2697500,1,CAN,
Johan Hedberg,G,1,Veteran,L,72,193,33,78,77,76,77,83,79,78,77,80,0,0,61,65,500000,3,SWE,
Eric Boulton,LW,33,Veteran,L,72,224,30,84,65,80,76,77,39,71,47,50,65,52,43,43,456500,1,CAN,
Jason Allison,C,43,Veteran,R,75,215,30,72,68,75,82,70,78,70,85,77,68,66,70,74,5146000,1,CAN,
Rick Berry,D,46,Veteran,L,74,213,27,75,63,72,79,80,60,65,54,61,69,45,45,50,425000,2,CAN,
Mike Rathje,D,2,Veteran,L,77,235,32,74,63,75,82,84,82,66,67,66,76,46,74,78,1680750,1,CAN,
Maxim Kuznetsov,D,42,Veteran,L,73,190,29,67,60,58,74,78,65,60,48,55,64,45,44,46,524980,4,RUS,
Sergei Zubov,D,58,Veteran,R,73,200,36,60,75,64,82,82,81,77,83,79,74,56,78,81,4980000,1,RUS,
Kelly Buchberger,RW,11,Veteran,L,74,200,39,75,59,72,77,82,62,59,53,60,71,48,92,95,300000,1,CAN,
Robert Schnabel,D,40,Rookie,L,78,232,26,70,57,73,79,76,55,54,50,60,69,45,40,44,332000,1,CZE,
Nolan Pratt,D,45,Veteran,L,75,207,31,70,63,72,79,80,75,67,52,61,70,46,61,66,550000,2,CAN,
Ray Emery,G,35,Rookie,L,74,200,24,66,73,71,72,80,75,69,62,60,0,0,40,45,539500,2,CAN,
Craig Adams,RW,28,Veteran,R,72,202,29,72,62,66,79,86,67,63,54,59,69,57,52,56,415000,2,CAN,
Eric Staal,C,12,Veteran,L,75,189,21,63,69,68,76,81,85,79,80,78,67,74,44,48,1029200,1,CAN,
Fedor Tyutin,D,34,Veteran,L,74,217,23,67,65,67,78,81,75,68,53,64,68,49,40,44,813400,2,RUS,
Ales Kotalik,RW,14,Veteran,R,73,227,27,68,65,70,77,79,81,68,65,67,65,71,46,47,664000,1,CZE,
Jaroslav Svoboda,LW,22,Veteran,L,75,198,26,67,61,74,75,80,80,59,53,56,70,55,45,48,700000,3,CZE,
Jonathan Girard,D,56,Veteran,R,71,196,25,65,68,65,76,72,75,68,62,62,69,53,40,40,1000000,2,CAN,
Kris Beech,C,44,Veteran,L,74,209,25,62,73,65,71,70,62,74,59,62,61,63,43,41,850000,2,CAN,
Dustin Brown,RW,30,Veteran,R,72,201,21,58,64,60,76,82,78,67,52,55,65,51,40,44,830000,2,USA,
Robert Esche,G,43,Veteran,L,73,210,28,84,83,80,88,88,72,83,73,82,0,0,54,59,2000000,3,USA,
Stanislav Neckar,D,2,Veteran,L,73,209,30,63,66,60,73,78,82,68,44,54,63,45,57,62,522100,1,CZE,
Marty Murray,C,21,Veteran,L,69,180,31,56,75,57,78,84,80,76,54,63,71,59,50,52,539500,1,CAN,
Mike Zigomanis,C,47,Veteran,R,73,200,25,60,78,65,74,79,71,79,45,49,67,52,32,32,500000,3,CAN,
Pavel Brendl,RW,55,Veteran,R,72,206,25,55,65,61,76,81,67,65,51,55,63,59,32,32,940000,2,CZE,
Mathieu Biron,D,6,Veteran,R,78,229,26,70,60,76,77,81,69,62,63,61,67,49,46,49,415000,3,CAN,
Jason Ward,RW,61,Veteran,R,75,203,27,63,60,71,76,80,76,62,52,63,68,58,45,50,750000,3,CAN,
Alexander Steen,RW,49,Rookie,L,71,183,21,60,69,60,78,82,80,70,66,66,68,67,40,44,700000,3,SWE,
Jon Sim,LW,18,Veteran,L,70,190,29,68,73,60,78,81,79,72,58,61,69,59,56,60,500000,2,CAN,
Martin Gerber,G,31,Veteran,L,72,200,32,82,83,79,85,88,89,84,78,84,0,0,60,65,700000,3,SWI,
Michal Rozsival,D,33,Veteran,R,73,212,27,68,72,67,79,74,74,70,57,64,69,50,54,58,830000,2,CZE,
Jan Hlavac,LW,32,Veteran,L,72,200,30,61,72,60,81,81,84,71,68,64,64,57,56,58,830000,3,CZE,
Ramzi Abid,LW,15,Veteran,L,74,210,26,73,60,71,76,77,66,58,59,63,64,64,46,50,650000,2,CAN,
Justin Mapletoft,C,20,Veteran,L,73,200,25,56,60,65,77,79,80,62,47,58,64,53,40,44,800000,3,CAN,
Geoff Sanderson,LW,8,Veteran,L,72,190,34,60,79,56,78,83,69,78,68,72,66,72,80,80,1750000,2,CAN,
Jozef Balej,RW,36,Veteran,R,71,170,24,62,67,59,78,78,79,68,60,63,63,60,40,44,680600,1,SVK,
Taylor Pyatt,LW,29,Veteran,L,76,227,25,66,74,72,75,86,76,73,62,65,65,62,45,48,1029408,2,CAN,
Lasse Pirjeta,RW,38,Veteran,L,76,225,32,63,67,71,79,81,83,66,62,66,71,63,62,65,850000,3,FIN,
Robert Reichel,C,23,Veteran,L,70,180,35,59,71,59,80,81,80,71,68,66,68,63,79,82,850000,2,CZE,
Steve Poapst,D,48,Veteran,L,72,199,37,68,62,59,76,78,80,64,55,61,70,50,55,55,500000,3,CAN,
Travis Green,C,41,Veteran,R,74,200,35,72,69,70,75,85,63,68,51,60,68,64,73,74,600000,3,CAN,
Brett McLean,C,25,Veteran,L,71,185,28,63,67,62,79,80,70,69,67,68,67,67,40,44,410000,1,CAN,
Tom Preissing,D,42,Veteran,R,72,205,27,64,65,62,81,80,84,65,67,66,70,46,40,44,664000,1,USA,
Andrew Hutchinson,D,24,Rookie,R,74,204,26,55,62,63,75,79,78,60,53,55,64,50,40,44,332000,1,USA,
Steve McLaren,LW,23,Veteran,L,72,200,31,78,56,74,77,78,32,57,42,52,57,47,52,54,290500,1,CAN,
Marek Svatos,RW,40,Rookie,R,71,175,24,58,75,57,72,75,71,72,66,67,59,74,40,44,735000,3,SVK,
Richard Scott,LW,47,Veteran,L,74,210,28,75,57,73,77,78,33,56,43,54,63,50,52,53,294650,2,CAN,
Jim Vandermeer,D,9,Veteran,L,73,218,26,77,60,73,78,79,62,63,64,64,73,54,40,44,1350000,4,CAN,
Kyle Calder,LW,37,Veteran,L,71,176,27,67,71,63,80,83,78,69,66,68,66,72,54,59,950000,2,CAN,
Mark Bell,LW,28,Veteran,L,76,205,26,77,68,75,81,84,63,65,69,70,70,72,52,56,1015000,3,CAN,
Ryan Vandenbussche,RW,14,Veteran,R,72,205,33,82,61,77,78,81,50,62,44,48,65,56,48,53,456500,3,CAN,
Tuomo Ruutu,RW,15,Veteran,L,74,208,23,70,66,67,80,83,75,67,72,72,67,72,40,44,937900,1,FIN,
Alexei Yashin,C,19,Veteran,R,75,230,32,61,78,74,81,76,83,77,75,75,63,75,74,77,5810000,3,RUS,
Craig Andersson,G,31,Veteran,L,74,170,25,76,78,76,77,84,86,77,63,76,0,0,40,44,707580,2,USA,
Bryan Allen,D,5,Veteran,L,76,220,26,78,61,79,76,76,64,66,58,61,73,44,46,48,1125000,3,CAN,
Michael Leighton,G,49,Veteran,L,75,186,25,77,75,79,79,84,85,75,73,76,0,0,40,44,600000,3,CAN,
Viktor Kozlov,RW,32,Veteran,R,77,235,31,65,72,72,78,81,83,72,70,69,66,66,71,71,3250000,3,RUS,
Deron Quint,D,10,Veteran,L,74,192,30,58,68,60,76,78,78,65,61,65,63,53,55,56,456500,1,USA,
Wade Brookbank,D,46,Veteran,L,76,221,29,86,50,82,80,81,27,50,41,47,54,54,40,44,394250,1,CAN,
Mike Green,C,41,Rookie,L,71,190,26,65,65,60,78,80,84,66,49,66,67,51,40,44,249000,2,CAN,
Matt Keith,RW,26,Rookie,R,73,190,23,60,58,61,78,77,70,61,53,55,63,54,40,44,373500,3,CAN,
Mikhail Yakubov,C,27,Veteran,L,75,202,24,62,59,73,79,80,80,63,54,63,64,51,40,44,784350,1,RUS,
Pavel Vorobiev,RW,30,Rookie,L,72,194,24,53,64,58,78,72,81,64,61,58,56,63,40,44,747000,1,KAZ,
Scott Nichol,C,48,Veteran,R,68,173,31,80,69,69,78,82,44,69,55,56,68,57,49,54,352750,1,CAN,
Chris Chelios,D,7,Veteran,R,73,190,44,76,60,60,76,82,78,64,69,62,76,48,99,99,2407000,2,USA,
Tyson Nash,LW,18,Veteran,L,71,191,31,76,62,61,78,82,51,59,51,59,66,55,66,66,850000,2,CAN,
Dan Cloutier,G,39,Veteran,L,73,195,30,82,83,82,88,87,76,84,64,85,0,0,62,67,2075000,2,CAN,
Travis Moen,LW,33,Veteran,L,75,210,24,78,66,76,80,83,51,69,47,60,65,54,40,44,456500,2,CAN,
Todd Fedoruk,LW,38,Veteran,L,74,235,27,78,58,82,79,80,31,56,52,56,62,51,48,51,575000,3,CAN,
Nathan Perrott,RW,12,Veteran,R,72,225,29,79,56,77,80,80,31,55,45,54,64,50,47,50,332000,3,CAN,
Marcus Nilson,C,20,Veteran,R,74,195,28,69,70,69,79,84,76,70,61,67,72,63,47,52,913000,2,SWE,
Shawn Thornton,RW,13,Veteran,L,73,196,29,79,52,77,77,80,37,53,44,45,64,47,51,54,385950,1,CAN,
Matt Ellison,LW,17,Rookie,R,74,195,22,66,65,61,74,81,78,66,64,63,69,53,40,44,385000,3,CAN,
Francis Lessard,RW,35,Veteran,R,75,225,27,88,64,83,80,84,30,61,48,49,64,49,34,34,415000,4,CAN,
Brent Seabrook,D,6,Rookie,R,75,215,20,69,66,72,79,78,66,65,67,67,71,46,40,44,800000,3,CAN,
Rob Ray,RW,43,Veteran,L,72,222,38,77,57,76,76,78,41,59,44,56,64,47,86,91,415000,1,CAN,
Doug Doull,LW,36,Veteran,L,74,216,32,89,53,81,78,83,31,54,44,51,57,45,42,43,269750,1,CAN,
Jason King,RW,29,Veteran,L,72,195,25,55,61,58,76,82,79,61,54,60,64,65,40,44,375000,3,CAN,
Eric Godard,RW,45,Veteran,R,76,235,26,79,60,79,80,80,38,60,44,53,58,45,49,53,365200,3,CAN,
Karlis Skrastins,D,3,Veteran,L,73,210,32,65,66,60,78,83,70,68,56,62,72,53,59,61,850000,2,LAT,
Joe Sakic,C,21,Veteran,L,71,195,37,64,81,60,81,85,76,80,88,82,74,79,99,99,9750000,2,CAN,
Alexander Ovechkin,LW,8,Rookie,R,74,212,20,72,78,70,83,85,79,77,70,75,68,78,40,44,850000,3,RUS,
Johan Franzen,C,58,Veteran,L,74,207,26,65,67,66,76,82,78,67,59,62,69,53,52,56,575000,3,CAN,
Vladimir Malakhov,D,44,Veteran,L,77,230,38,71,68,74,78,81,73,67,65,62,70,50,78,79,2905000,1,RUS,
Rene Bourque,LW,81,Rookie,L,74,205,24,69,61,69,77,82,59,68,62,61,65,58,42,45,475000,3,CAN,
Duncan Keith,D,2,Rookie,L,72,182,22,59,82,57,82,85,82,79,63,62,64,49,40,44,625000,3,CAN,
Brian McGrattan,RW,55,Rookie,R,76,225,24,90,60,83,60,71,30,62,59,60,62,49,44,45,350000,3,CAN,
Erik Cole,LW,26,Veteran,L,74,210,27,78,67,73,80,81,67,66,68,72,70,70,54,59,1079000,2,USA,
Scott Barney,RW,8,Rookie,R,76,208,26,66,60,73,79,80,78,60,55,56,65,55,47,52,821700,1,CAN,
Marty Reasoner,C,17,Veteran,L,73,200,29,61,70,65,78,75,69,68,66,64,75,62,46,51,705500,1,USA,
Mike Morrison,G,53,Rookie,L,75,194,26,78,75,78,77,81,79,72,70,70,50,50,45,45,500000,3,USA,
Patrice Brisebois,D,44,Veteran,R,74,202,35,63,71,66,81,84,80,73,76,68,73,53,77,81,2282500,2,CAN,
Justin Williams,RW,19,Veteran,R,73,190,24,68,79,64,78,80,79,75,75,70,70,69,50,53,890175,1,CAN,
John-Michael Liles,D,32,Veteran,L,70,185,25,62,65,64,77,79,78,67,73,70,71,56,45,48,456500,1,USA,
Kamil Piros,C,34,Veteran,L,72,195,27,67,62,58,75,78,82,61,47,54,63,54,40,44,527050,1,CZE,
Fernando Pisani,RW,21,Veteran,L,73,205,29,60,60,66,78,82,73,60,61,62,72,68,48,53,575000,4,CAN,
Jaroslav Bednar,RW,9,Veteran,R,72,198,29,64,68,59,78,75,75,69,62,58,67,53,46,50,415000,2,CZE,
Brad May,LW,43,Veteran,L,73,213,34,77,60,73,76,80,49,63,50,59,66,57,77,81,913000,1,CAN,
Jesse Boulerice,LW,42,Veteran,R,74,218,28,79,64,76,77,78,46,63,45,52,62,55,40,44,373500,1,USA,
Sami Salo,D,12,Veteran,L,75,215,32,59,68,72,77,82,75,69,66,68,72,54,52,54,1390250,2,FIN,
Ethan Moreau,LW,22,Veteran,L,74,220,31,77,66,76,80,84,65,66,60,62,72,69,63,67,1600000,4,CAN,
Kim Johnsson,D,7,Veteran,L,73,205,30,64,74,68,83,84,83,77,77,78,73,60,61,65,3750000,3,SWE,
Stephane Yelle,C,45,Veteran,L,73,196,32,67,65,63,78,82,80,66,59,63,72,56,72,74,1328000,2,CAN,
Andrew Raycroft,G,1,Veteran,L,72,184,26,81,82,80,86,88,87,79,74,82,0,0,47,52,2282500,2,CAN,
John Grahame,G,48,Veteran,L,74,210,31,78,78,79,78,85,86,78,72,78,0,0,53,58,1250000,3,USA,
Oleg Tverdovsky,D,70,Veteran,L,73,205,29,58,78,54,79,80,82,77,72,70,69,59,67,60,2100000,3,UKR,
Lubomir Sekeras,D,78,Veteran,L,72,183,37,62,71,55,77,81,76,71,57,56,67,49,53,53,498000,1,SLO,
Antti Laaksonen,LW,27,Veteran,L,72,180,32,60,70,59,78,81,82,71,62,60,69,65,50,54,788500,1,FIN,
Colin White,D,5,Veteran,L,76,215,28,78,60,77,79,82,68,61,59,63,74,47,58,62,1867500,3,CAN,
Brad Boyes,C,25,Rookie,R,73,195,23,66,70,60,78,79,75,71,70,65,68,69,40,44,660000,3,CAN,
Jason Krog,RW,15,Veteran,R,71,192,30,64,63,61,70,80,80,63,57,63,69,59,41,40,456500,1,CAN,
Chris Tamer,D,10,Veteran,L,74,200,35,74,54,61,65,78,67,62,57,56,67,52,83,84,250000,1,USA,
Juraj Kolnik,RW,33,Veteran,R,70,190,25,62,69,58,81,80,80,71,60,63,67,65,40,44,750000,4,SLO,
Andrei Nazarov,LW,62,Veteran,R,77,242,32,79,60,78,79,78,36,62,47,59,63,54,63,66,300000,2,RUS,
Jason Strudwick,D,47,Veteran,L,75,225,31,74,56,76,76,80,56,56,55,59,68,46,63,68,300000,2,CAN,
Mike Knuble,RW,29,Veteran,R,75,226,34,70,62,75,82,83,76,61,73,73,74,74,65,65,2750000,4,CAN,
Alexei Zhamnov,C,16,Veteran,L,73,204,36,66,76,65,80,78,80,78,81,76,68,69,75,77,5000000,4,RUS,
Bill Lindsay,RW,13,Veteran,L,72,210,35,74,61,66,65,75,72,63,45,57,69,50,88,89,250000,2,USA,
Karel Rachunek,D,26,Veteran,R,74,211,27,70,67,65,81,82,81,68,71,68,73,50,56,60,1300000,3,CZE,
Peter Worrell,LW,38,Veteran,L,79,250,29,86,52,89,78,85,29,50,45,47,62,53,53,51,664000,2,CAN,
Zac Bierk,G,40,Veteran,L,77,205,30,75,71,79,74,74,84,72,60,75,0,0,56,60,525000,2,CAN,
Dainius Zubrus,LW,9,Veteran,L,76,226,28,67,71,73,81,78,74,71,67,68,71,68,63,66,1245000,3,LIT,
Tyler Wright,RW,29,Veteran,R,72,190,33,75,65,60,79,84,73,64,53,60,70,58,74,66,747000,2,CAN,
Jozef Stumpel,C,21,Veteran,R,75,225,34,56,74,72,81,85,82,76,74,70,70,61,76,77,2365500,3,SLO,
Cody McCormick,RW,56,Veteran,R,74,200,23,73,56,70,75,82,59,55,48,48,64,53,40,44,415000,1,CAN,
Trevor Daley,D,22,Veteran,L,70,197,22,62,75,63,77,82,79,67,68,65,67,53,44,46,722100,1,CAN,
Derrick Walser,D,7,Veteran,L,70,190,28,68,69,60,78,77,69,72,66,62,67,50,44,48,365200,1,CAN,
Duvie Westcott,D,24,Veteran,R,71,192,28,74,68,64,79,82,68,70,60,58,68,45,45,51,500000,1,CAN,
Turner Stevenson,RW,28,Veteran,R,75,220,34,75,56,75,78,84,67,55,58,63,67,62,72,76,1120500,2,CAN,
Mike Ricci,C,35,Veteran,L,72,200,34,72,67,65,81,82,81,65,65,63,73,57,83,87,1784500,2,CAN,
Jason Wiemer,LW,37,Veteran,L,73,225,30,79,65,74,79,81,56,68,60,64,70,59,68,72,1346675,1,CAN,
Andy McDonald,C,20,Veteran,L,70,174,29,57,77,39,75,76,80,76,67,66,66,62,40,43,539500,2,CAN,
Nikolai Zherdev,RW,31,Veteran,R,72,186,21,68,75,62,76,83,71,73,71,74,59,72,44,44,913000,2,UKR,
Andrew Peters,LW,25,Veteran,L,76,247,26,89,50,84,81,85,29,50,44,46,50,51,38,35,373500,2,CAN,
Joey Tetarenko,D,42,Veteran,R,74,214,28,77,52,76,77,79,47,52,40,45,60,50,42,42,394250,2,CAN,
Jason Woolley,D,8,Veteran,L,72,206,37,62,72,60,79,80,76,73,71,66,70,53,74,75,809250,1,CAN,
Milan Kraft,C,30,Veteran,R,76,212,26,60,69,72,80,82,83,69,70,70,65,72,48,53,975000,4,CZE,
Ossi Vaananen,D,5,Veteran,L,76,227,26,76,62,76,79,80,66,63,53,54,70,49,53,56,1100000,4,FIN,
Chris Simon,LW,36,Veteran,L,75,232,34,87,61,87,77,79,26,64,57,61,72,70,72,76,1245000,1,CAN,
Ty Conklin,G,1,Veteran,L,72,184,30,83,86,78,84,87,76,82,65,77,0,0,54,58,726250,1,USA,
David Ling,RW,43,Veteran,R,70,197,31,75,66,58,78,83,55,68,49,57,65,49,40,44,373500,1,CAN,
Donald MacLean,C,32,Veteran,L,74,199,29,50,50,69,73,78,63,50,40,46,64,51,46,49,311250,1,CAN,
Aaron Ward,D,27,Veteran,R,73,223,33,73,61,65,78,77,73,69,54,61,72,52,72,74,1660000,3,CAN,
Darcy Tucker,LW,16,Veteran,L,70,178,31,75,70,65,80,82,72,70,63,66,70,70,68,72,1328000,3,CAN,
Steve Webb,RW,33,Veteran,R,72,211,31,73,61,63,75,78,61,65,44,54,64,50,53,55,750000,3,CAN,
Nick Schultz,D,55,Veteran,L,72,187,24,65,69,66,80,82,81,70,56,67,72,53,52,57,1909000,2,CAN,
Scott Ferguson,D,34,Veteran,L,73,195,33,76,63,67,78,79,60,62,53,59,68,46,51,55,750000,3,CAN,
Zenith Komarniski,LW,39,Veteran,L,72,200,28,66,61,60,70,76,74,61,46,51,66,50,52,56,150000,1,CAN,
Stu Barnes,RW,57,Veteran,R,71,180,35,60,69,59,79,81,82,68,65,63,71,62,83,86,2324000,1,CAN,
Scott Young,RW,48,Veteran,R,73,200,39,60,69,65,77,80,80,70,59,64,67,67,82,82,2282500,1,USA,
Patrick Lalime,G,41,Veteran,L,75,192,32,82,82,81,87,89,83,81,73,82,0,0,66,70,3000000,3,CAN,
Aaron Downey,RW,49,Veteran,R,73,216,32,74,62,70,78,81,59,62,44,59,65,50,49,46,415000,1,CAN,
Fredrik Modin,LW,43,Veteran,L,76,220,31,67,70,72,81,83,82,70,75,71,73,77,66,71,1552100,2,SWE,
Anson Carter,RW,31,Veteran,R,73,209,32,65,74,67,78,83,78,72,63,67,68,68,69,72,2324000,2,CAN,
Wade Redden,D,6,Veteran,L,74,208,29,74,72,69,84,81,78,75,76,79,80,59,70,76,3735000,3,CAN,
Gary Roberts,LW,7,Veteran,L,74,215,40,76,65,75,82,82,70,67,70,68,72,76,92,97,2905000,2,CAN,
Kurt Sauer,D,18,Veteran,L,76,217,25,67,61,73,76,79,74,61,51,52,69,46,42,46,700000,2,USA,
Manny Malhotra,C,9,Veteran,L,74,215,26,68,70,70,79,81,79,69,61,63,69,62,52,57,622500,2,CAN,
Vitaly Vishnevski,D,13,Veteran,L,74,203,26,75,70,72,77,80,71,70,56,60,72,53,49,53,1000000,3,UKR,
Sean O'Donnell,D,8,Veteran,L,75,227,34,78,58,76,76,84,66,66,60,63,74,46,70,73,1660000,1,CAN,
Lubomir Visnovsky,D,19,Veteran,L,70,188,30,60,73,61,83,79,79,75,77,77,73,64,56,60,1400000,4,SLO,
Trevor Kidd,G,40,Veteran,L,74,213,34,75,74,77,77,85,86,75,75,74,0,0,75,78,500000,1,CAN,
Wes Walz,C,37,Veteran,R,70,180,36,71,75,65,79,84,82,71,65,66,74,66,66,71,705500,3,CAN,
Mike Leclerc,LW,20,Veteran,L,74,212,29,70,68,74,76,73,72,68,65,67,67,66,66,65,1162000,3,CAN,
Trent Hunter,RW,10,Veteran,R,75,210,26,65,67,70,80,81,82,66,73,72,71,74,40,44,950000,2,CAN,
Mattias Norstrom,D,39,Veteran,L,73,222,34,77,68,76,81,83,86,71,60,64,75,45,76,79,3735000,1,SWE,
Jaromir Jagr,RW,68,Veteran,L,75,224,34,67,81,78,84,85,84,83,83,84,68,85,90,90,7885000,2,CZE,
Chris Neil,RW,41,Veteran,R,72,216,27,81,61,79,80,83,36,59,52,59,67,56,51,56,477250,2,CAN,
David Aebischer,G,1,Veteran,L,73,180,28,84,86,84,89,88,89,87,68,87,0,0,54,59,1000000,2,SWI,
Toni Lydman,D,55,Veteran,L,73,204,29,67,74,60,78,76,78,74,66,65,69,53,51,53,1411000,3,FIN,
Martin Straka,C,82,Veteran,L,69,178,34,60,78,58,81,76,81,77,81,76,66,69,75,75,3610000,1,CZE,
Christian Ehrhoff,D,26,Veteran,L,74,195,24,59,65,64,78,78,78,67,66,64,67,46,40,44,730400,2,GER,
Steven Reinprecht,C,42,Veteran,L,72,191,30,67,73,64,78,74,84,74,75,71,70,64,54,58,1500000,3,CAN,
Eric Chouinard,C,44,Veteran,L,75,215,26,55,64,68,77,80,84,67,52,60,64,58,45,49,539500,3,CAN,
Cale Hulse,D,32,Veteran,R,75,220,32,76,60,74,81,83,58,63,64,66,72,49,66,70,913000,1,CAN,
Mike Commodore,D,14,Veteran,R,76,230,26,70,68,76,75,80,46,67,45,51,68,45,49,54,850000,2,CAN,
Blake Sloan,RW,36,Veteran,R,70,196,31,70,65,59,75,80,77,66,44,53,67,45,53,56,269750,2,USA,
Gavin Morgan,C,33,Veteran,R,71,175,30,75,50,72,78,78,39,50,44,49,58,45,40,44,282200,2,CAN,
Dallas Drake,RW,11,Veteran,L,72,195,37,74,72,64,80,82,78,72,64,66,73,64,86,89,2500000,3,CAN,
Robert Valicevic,C,12,Veteran,R,74,208,35,65,64,72,73,78,75,60,43,53,65,51,51,55,456500,1,USA,
Mike York,C,25,Veteran,R,70,185,28,63,78,56,76,80,82,79,74,72,72,72,58,63,1660000,1,USA,
Steve Sullivan,RW,27,Veteran,R,68,155,32,66,79,60,83,83,80,81,78,78,70,76,70,75,4500000,3,CAN,
Dan LaCouture,LW,22,Veteran,L,75,215,29,73,63,72,79,82,60,63,46,55,64,55,53,55,508380,1,USA,
Martin Sonnenberg,LW,20,Veteran,L,72,197,28,50,50,58,65,75,86,50,40,45,50,50,42,37,249000,1,CAN,
Jan Bulis,C,38,Veteran,L,73,208,28,62,72,67,78,81,71,71,65,64,65,65,55,56,954500,2,CZE,
Cory Cross,D,5,Veteran,L,77,225,35,71,61,73,78,82,74,66,63,66,74,54,78,77,871500,3,CAN,
Daymond Langkow,C,18,Veteran,L,71,185,30,69,75,66,84,85,82,75,76,72,75,71,66,70,2241000,3,CAN,
Joey McDonald,G,1,Rookie,L,73,185,25,69,70,73,70,82,88,66,64,65,50,50,40,44,400000,3,CAN,
Jiri Slegr,D,71,Veteran,L,73,210,35,66,70,64,76,80,66,71,73,70,69,55,76,74,1300000,2,CZE,
Brett Clark,D,47,Veteran,L,72,195,29,64,65,58,78,80,79,68,62,60,66,49,46,45,373500,1,CAN,
Brian Rolston,LW,13,Veteran,L,74,205,33,65,75,71,80,85,73,75,75,73,73,74,79,79,5000000,4,USA,
Radek Bonk,C,23,Veteran,L,75,220,30,67,73,74,80,83,65,71,75,70,68,68,67,70,2905000,2,CZE,
Cory Sarich,D,24,Veteran,R,75,213,28,72,65,72,81,83,68,69,67,64,73,48,59,63,1300000,4,CAN,
Pierre Dagenais,RW,16,Veteran,L,76,217,28,66,62,74,78,82,77,58,57,65,69,70,46,51,415000,1,CAN,
Jeff O'Neill,LW,92,Veteran,R,73,214,30,71,74,72,81,75,67,74,70,72,66,73,73,75,3071000,3,CAN,
Brian Holzinger,LW,10,Veteran,R,71,186,33,60,77,55,78,82,74,75,63,65,64,58,73,72,400000,2,USA,
Tony Amonte,LW,21,Veteran,L,72,197,36,62,81,58,81,82,82,82,76,73,71,72,87,89,5000000,4,USA,
Martin Erat,RW,19,Veteran,L,71,195,25,65,74,59,80,81,76,73,75,69,70,65,51,55,1500000,4,CZE,
Brad Brown,D,6,Veteran,R,76,220,30,75,51,79,75,78,62,55,50,57,70,45,53,57,622500,2,CAN,
Manny Fernandez,G,40,Veteran,L,72,185,32,84,85,82,83,87,90,82,76,81,0,0,65,68,1826000,2,CAN,
Tom Poti,D,7,Veteran,L,75,208,29,59,76,63,81,80,75,78,68,73,68,52,55,57,2448500,3,USA,
Eric Weinrich,D,42,Veteran,L,73,207,39,67,64,67,80,83,82,66,66,62,74,56,89,93,2490000,1,USA,
Marc Lamothe,G,41,Veteran,L,74,210,32,74,73,75,73,82,84,73,54,72,0,0,61,64,361050,3,CAN,
Jaroslav Modry,D,45,Veteran,L,74,226,35,67,67,71,83,85,79,69,74,70,72,53,73,76,788500,3,CZE,
Brett Hull,RW,26,Veteran,R,71,203,42,59,64,59,79,80,83,65,80,80,68,78,99,94,5000000,3,CAN,
Saku Koivu,C,13,Veteran,L,70,181,31,62,78,58,80,73,75,79,80,78,69,70,80,85,3631250,1,FIN,
Alexei Kovalev,RW,27,Veteran,L,74,220,33,73,78,74,81,84,75,79,76,74,67,75,71,73,5478000,2,RUS,
Alyn McCauley,LW,10,Veteran,L,71,200,29,64,74,62,81,83,82,72,75,69,74,70,63,68,996000,3,CAN,
Clarke Wilm,C,23,Veteran,L,72,202,29,68,62,65,75,78,64,61,51,59,65,52,51,55,332000,2,CAN,
Scott Hannan,D,44,Veteran,L,73,220,27,73,67,74,82,85,81,66,64,66,74,54,61,66,1880000,3,CAN,
Steve McCarthy,D,5,Veteran,L,73,198,25,65,71,64,78,78,78,66,55,63,68,49,50,54,1076199,3,CAN,
Michael Ryder,LW,73,Veteran,R,72,196,26,70,71,70,80,81,78,70,78,72,71,75,40,44,502150,1,CAN,
Robyn Regehr,D,28,Veteran,L,75,230,26,77,67,78,77,81,70,66,67,67,77,57,60,66,1250000,2,BRA,
Marc Denis,G,34,Veteran,L,73,193,29,86,85,82,89,90,90,82,68,81,0,0,56,61,2500000,4,CAN,
Brian Sutherby,C,16,Veteran,L,75,205,24,72,66,70,82,84,70,68,61,62,66,61,45,48,750000,3,CAN,
Pat Rissmiller,C,40,Rookie,L,75,195,26,61,62,69,74,78,78,63,44,56,62,50,40,44,311250,2,USA,
Todd Harvey,RW,15,Veteran,R,72,210,31,67,62,65,78,80,74,63,55,61,68,55,68,72,1079000,1,CAN,
Shawn Heins,D,24,Veteran,L,76,210,32,68,61,75,65,77,74,68,52,51,66,50,50,47,498000,1,CAN,
Chris Kunitz,LW,26,Rookie,L,71,198,26,50,57,54,65,70,70,55,47,53,59,50,32,31,468950,3,CAN,
Tomas Plekanec,C,35,Rookie,L,70,210,23,67,66,58,75,80,79,65,60,62,69,55,40,44,600000,3,CZE,
Chuck Kobasew,RW,7,Veteran,R,72,196,24,64,69,62,75,80,71,70,57,63,64,59,45,50,1150000,3,CAN,
Branko Radivojevic,RW,19,Veteran,R,74,207,25,71,68,69,78,81,73,66,67,60,68,62,45,49,684750,2,SLO,
Erik Christensen,C,56,Rookie,L,72,200,22,65,74,58,76,73,79,70,62,65,62,59,40,44,500000,3,CAN,
Francis Bouillon,D,51,Veteran,R,68,196,30,72,70,65,79,81,70,69,63,63,68,47,46,50,750000,2,CAN,
Sami Kapanen,LW,25,Veteran,L,70,185,33,62,80,59,81,82,84,83,70,67,70,62,66,71,2650000,3,FIN,
Jared Aulin,C,14,Rookie,R,72,192,23,68,68,61,73,68,69,71,56,57,59,59,43,44,622500,2,CAN,
Yann Denis,G,75,Rookie,L,72,185,24,70,69,73,74,82,88,70,68,69,0,0,40,44,550000,3,CAN,
Marc-Andre Bergeron,D,47,Veteran,L,70,197,25,67,75,58,78,80,77,76,69,73,72,58,53,55,664000,3,CAN,
Yannick Tremblay,D,38,Veteran,R,74,200,30,64,68,61,74,76,80,70,69,67,64,48,52,52,871500,1,CAN,
Curtis Sanford,G,50,Veteran,L,70,187,26,68,72,65,70,85,85,72,62,62,50,50,52,55,155000,2,CAN,
Vernon Fiddler,C,36,Veteran,L,71,200,26,71,63,67,75,78,52,65,44,58,63,45,44,47,300000,2,CAN,
Grant Stevenson,RW,2,Rookie,R,71,170,24,60,71,58,79,74,75,63,60,61,62,63,40,44,450000,3,CAN,
Greg DeVries,D,8,Veteran,L,74,209,33,72,59,67,79,81,83,60,66,65,75,49,69,70,2800000,2,CAN,
Jason Arnott,C,11,Veteran,R,76,220,31,70,68,76,79,84,72,68,76,74,70,72,78,79,3750000,2,CAN,
Christoph Brandner,RW,32,Veteran,L,76,224,31,66,57,73,79,80,82,59,52,61,66,56,42,44,556100,2,AUT,
Zenon Konopka,C,57,Rookie,L,72,210,25,72,66,71,76,80,49,61,59,62,67,53,40,44,400000,3,CAN,
Darren Rumble,D,4,Veteran,L,73,207,37,65,56,64,74,78,78,58,43,55,64,45,73,77,400000,1,CAN,
Niklas Sundstrom,LW,37,Veteran,L,72,191,31,59,71,61,79,79,78,69,58,65,70,58,76,79,1618500,3,SWE,
Kent McDonell,RW,20,Veteran,R,74,195,27,72,60,68,75,80,64,60,48,56,65,51,54,55,400000,2,CAN,
Brad Chartrand,LW,29,Veteran,R,71,185,31,64,69,59,78,78,75,68,55,53,65,53,48,52,400000,2,CAN,
Mark Mowers,RW,22,Veteran,R,71,187,32,57,65,59,78,81,69,63,58,58,65,52,53,55,450000,2,USA,
Drake Berehowsky,D,55,Veteran,R,74,217,34,67,62,70,79,79,58,62,66,59,65,53,72,77,373500,2,CAN,
Mathieu Schneider,D,26,Veteran,L,72,191,37,71,73,61,84,80,78,78,81,80,69,63,85,88,3112500,2,USA,
Paul Mara,D,33,Veteran,L,76,219,27,72,70,74,82,83,82,69,77,76,72,53,64,68,1750000,3,USA,
Donald Audette,RW,28,Veteran,R,68,191,37,57,74,56,76,79,76,75,60,63,64,63,76,77,280125,1,CAN,
Eric Beaudoin,LW,25,Veteran,L,77,225,26,68,61,73,78,80,81,50,50,55,67,52,40,44,415000,3,CAN,
Cristobal Huet,G,39,Veteran,L,72,194,31,81,82,77,84,87,89,79,67,79,0,0,52,56,1300000,4,FRA,
Steve Konowalchuk,LW,29,Veteran,L,73,204,33,74,66,66,76,84,76,63,66,64,72,72,81,85,1660000,2,USA,
Jarome Iginla,RW,12,Veteran,R,73,208,29,76,74,75,85,87,69,76,75,79,74,86,72,78,5395000,2,CAN,
Rhett Warrener,D,6,Veteran,R,74,215,30,76,67,72,79,77,67,67,63,62,76,51,69,73,2200000,3,CAN,
Rick Nash,LW,61,Veteran,L,76,206,22,75,74,78,81,83,71,74,63,75,63,88,49,52,983550,2,CAN,
Chris Clark,RW,40,Veteran,R,72,200,30,75,68,68,79,82,58,68,61,64,68,61,49,53,735000,5,USA,
Kyle McLaren,D,36,Veteran,L,76,225,29,73,63,74,80,78,76,64,70,62,73,47,64,69,2500000,4,CAN,
Doug Weight,C,42,Veteran,L,71,201,35,70,76,68,82,85,82,78,91,79,71,71,89,91,5395000,3,USA,
Justin Papineau,C,44,Veteran,L,71,180,26,52,67,59,78,78,83,65,49,60,67,58,45,48,365200,1,CAN,
Joe Thornton,C,20,Veteran,L,76,232,27,79,71,78,85,84,64,72,94,84,74,74,68,74,4565000,1,CAN,
Roberto Luongo,G,4,Veteran,L,75,207,27,87,88,84,91,90,90,89,74,90,0,0,60,65,1577000,1,CAN,
Trevor Letowski,RW,11,Veteran,R,70,180,29,65,77,60,82,82,81,76,63,61,69,64,54,57,661925,3,CAN,
Bates Battaglia,LW,13,Veteran,L,74,210,30,71,68,73,79,82,80,66,58,64,66,54,63,67,860000,1,USA,
Cliff Ronning,C,10,Veteran,L,68,165,41,56,74,56,78,81,83,73,71,68,67,65,81,85,800000,1,CAN,
Neil Little,G,37,Veteran,L,73,190,34,73,71,72,70,82,74,69,61,72,0,0,66,69,415000,2,CAN,
Mikko Luoma,D,34,Veteran,L,75,207,30,56,57,67,74,77,69,58,45,53,64,45,40,44,249000,1,FIN,
Bryan Muir,D,2,Veteran,L,76,220,33,60,62,70,76,78,74,62,50,54,65,45,61,62,550000,5,CAN,
Jaroslav Spacek,D,3,Veteran,L,71,204,32,71,70,66,80,85,73,71,73,71,71,54,59,65,2500000,4,CZE,
Alexander Mogilny,RW,89,Veteran,L,72,209,37,59,80,62,81,78,82,78,85,86,70,75,75,78,3320000,3,RUS,
Derek Armstrong,C,24,Veteran,R,72,195,33,74,63,62,77,75,81,62,68,69,72,65,70,69,1100000,3,CAN,
Dave Andreychuk,LW,53,Veteran,R,76,225,43,68,59,73,78,82,79,59,63,65,69,72,98,99,1400000,3,CAN,
Lyle Odelein,D,8,Veteran,L,72,210,38,74,56,73,77,83,63,58,59,59,72,53,90,91,600000,4,CAN,
Rob Dimaio,RW,21,Veteran,R,70,190,38,72,56,66,77,84,76,58,61,58,73,61,83,82,600000,4,CAN,
Peter Forsberg,LW,22,Veteran,L,73,205,33,75,76,76,80,73,76,76,88,85,75,81,83,78,7470000,1,SWE,
Michal Grosek,LW,17,Veteran,R,74,219,31,71,70,73,71,79,65,70,58,59,68,54,61,67,498000,1,CZE,
Denis Gauthier,D,3,Veteran,L,74,224,30,80,60,77,78,79,62,67,61,60,74,46,53,58,1079000,1,QUE,
Dan Focht,D,41,Veteran,L,78,237,28,76,58,74,78,81,55,57,55,61,67,48,46,50,456500,2,CAN,
Lee Goren,RW,49,Veteran,R,75,215,28,62,58,70,74,78,63,59,44,48,62,52,42,46,415000,1,CAN,
Dominik Hasek,G,46,Veteran,L,71,168,41,89,86,82,82,76,87,91,55,81,0,0,90,92,5500000,2,CZE,
Pascal Rheaume,LW,43,Veteran,L,73,220,33,68,67,70,80,81,84,65,52,65,66,56,67,70,456500,3,CAN,
Esa Pirnes,C,27,Veteran,L,72,189,29,56,65,61,77,77,80,68,53,61,66,53,46,48,662340,2,FIN,
Sebastien Caron,G,35,Veteran,L,72,170,26,78,78,79,85,87,83,77,69,76,0,0,54,58,1000000,3,CAN,
Dan Blackburn,G,31,Veteran,L,73,180,23,75,77,70,74,73,80,74,60,72,0,0,53,57,975000,4,CAN,
Ryan Kesler,C,21,Veteran,R,74,195,22,67,62,62,75,78,64,65,57,55,64,59,40,44,913000,2,USA,
Craig Conroy,C,40,Veteran,R,74,193,35,68,67,67,78,85,79,68,81,75,73,71,80,82,3200000,4,USA,
Andrei Zyuzin,D,32,Veteran,L,73,210,28,66,69,64,79,73,74,71,65,67,69,56,55,58,996000,3,RUS,
Boris Mironov,D,7,Veteran,R,76,223,34,74,67,73,80,82,72,69,61,64,71,51,77,82,1597750,1,RUS,
Eric Boguniecki,RW,24,Veteran,R,68,192,31,70,69,59,80,77,74,67,65,68,69,70,53,57,498000,1,USA,
Petr Nedved,C,93,Veteran,L,75,196,34,62,76,69,79,82,78,76,74,70,68,72,75,75,2697500,2,CZE,
Luc Robitaille,LW,42,Veteran,L,73,215,40,61,69,65,77,83,77,68,72,70,68,72,91,91,2000000,3,CAN,
Yanic Perreault,C,48,Veteran,L,71,184,35,61,68,59,79,80,78,69,64,68,63,72,72,76,1800000,3,CAN,
Martin Skoula,D,44,Veteran,L,75,220,26,68,71,68,76,80,76,71,69,64,68,51,54,53,1120500,1,CZE,
Jeremy Roenick,RW,97,Veteran,R,73,196,36,77,75,71,81,78,75,76,76,75,74,72,90,94,7055000,1,USA,
Adam Foote,D,52,Veteran,R,74,220,35,80,62,75,82,84,72,67,71,70,80,55,83,88,3569000,3,CAN,
John LeClair,LW,11,Veteran,L,75,225,37,68,67,75,79,79,76,70,76,74,69,74,85,88,4000000,4,USA,
Jeff Cowan,RW,38,Veteran,L,74,205,30,74,65,67,79,84,60,63,60,64,68,61,54,57,435750,3,CAN,
Kenny Jonsson,D,33,Veteran,L,75,205,31,67,72,72,81,84,82,74,72,70,75,53,77,79,2490000,3,SWE,
Randy Robitaille,C,34,Veteran,L,71,200,30,56,73,55,76,82,74,73,73,70,66,62,56,51,415000,3,CAN,
Oleg Saprykin,LW,47,Veteran,L,73,190,25,66,69,67,76,80,67,66,65,66,67,64,43,42,830000,3,RUS,
Petr Sykora,RW,23,Veteran,L,71,190,29,60,81,60,80,86,70,78,73,75,68,77,70,71,3486000,2,CZE,
Chris Kelly,C,54,Rookie,L,72,190,25,64,66,62,65,71,70,65,66,64,69,66,45,45,250000,3,CAN,
John Tripp,RW,19,Veteran,R,75,223,29,61,60,72,78,78,60,60,52,59,64,50,48,51,830000,4,CAN,
Darrel Scoville,D,22,Veteran,L,75,208,30,72,60,70,72,76,75,60,45,48,68,45,40,44,539500,1,CAN,
Mikael Renberg,LW,39,Veteran,L,74,235,34,60,74,69,80,77,68,71,65,62,67,69,66,69,1826000,2,SWE,
Pavel Rosa,RW,15,Veteran,R,71,188,29,53,64,54,75,78,79,64,45,56,63,50,48,48,850000,4,CZE,
Craig Rivet,D,53,Veteran,R,74,201,32,74,64,68,80,82,68,66,66,66,71,51,65,70,1000000,2,CAN,
Chris Therien,D,6,Veteran,L,77,235,34,65,56,76,77,82,72,69,58,62,72,46,80,82,2158000,1,CAN,
Igor Radulov,RW,50,Veteran,L,73,186,24,59,65,63,77,80,76,63,57,61,66,55,40,44,635000,3,RUS,
Radovan Somik,LW,18,Veteran,R,74,194,29,63,65,67,78,78,79,64,59,65,67,57,44,47,650000,2,CZE,
Darryl Bootland,RW,21,Rookie,R,73,198,24,74,59,64,78,80,50,61,46,54,62,51,40,44,550000,4,CAN,
Jamie Rivers,D,29,Veteran,L,73,205,31,63,62,63,79,80,76,65,52,58,67,51,59,63,352750,2,CAN,
Jan Hrdina,C,48,Veteran,R,72,206,30,58,74,63,79,79,70,71,70,72,69,66,54,57,1826000,2,CZE,
Arturs Irbe,G,31,Veteran,L,68,190,39,76,79,74,76,85,88,77,62,75,0,0,81,84,1245000,2,LAT,
Alexander Semin,LW,20,Veteran,L,72,181,22,67,70,65,81,80,73,71,65,66,69,67,40,44,913000,2,RUS,
Matthew Spiller,D,11,Veteran,L,77,233,23,72,64,73,79,81,74,67,42,65,65,45,40,44,747000,2,CAN,
Kyle Wellwood,C,22,Rookie,R,70,190,22,58,69,60,78,83,85,68,69,68,62,62,40,44,600000,3,CAN,
Rob Zamuner,LW,7,Veteran,L,75,201,37,58,62,70,72,80,66,67,54,62,70,56,81,82,1960000,3,CAN,
Milan Bartovic,RW,49,Veteran,L,71,191,25,60,68,51,65,75,70,63,49,56,63,52,32,32,415000,3,CZE,
Jamie Heward,D,2,Veteran,R,74,207,34,63,68,68,81,84,74,67,58,59,69,46,66,71,260000,3,CAN,
Pierre-Marc Bouchard,C,96,Veteran,L,69,162,22,58,75,55,78,80,82,71,74,72,63,66,50,55,1245000,2,CAN,
Bob Boughner,D,14,Veteran,R,72,205,35,78,58,73,77,77,63,63,57,60,72,45,69,71,1909000,1,CAN,
Brian Boucher,G,36,Veteran,L,74,198,29,85,79,83,86,89,89,78,68,78,0,0,59,64,1660000,1,USA,
Tomas Zizka,D,19,Veteran,L,73,198,26,61,64,56,76,78,65,65,55,63,64,50,40,44,479320,3,CZE,
Brent Burns,RW,24,Veteran,R,76,210,21,60,66,67,76,77,78,68,60,63,63,54,44,46,726250,2,CAN,
Stephane Veilleux,C,56,Veteran,L,73,181,24,69,62,65,77,80,66,61,56,62,66,55,40,44,664000,3,CAN,
Travis Roche,D,9,Veteran,R,73,195,28,57,66,59,75,78,76,68,46,54,63,45,40,44,456500,2,CAN,
Jason Holland,D,39,Veteran,R,74,193,30,64,62,66,78,78,80,64,53,61,69,51,52,55,394250,1,CAN,
Garth Snow,G,30,Veteran,L,75,210,37,78,77,87,84,80,82,76,68,74,0,0,68,72,1313000,1,USA,
Barret Jackman,D,5,Veteran,L,72,209,25,77,70,73,81,77,56,68,62,65,74,50,51,56,1800000,3,CAN,
Darren Langdon,LW,20,Veteran,L,73,205,35,78,57,75,82,80,48,57,45,52,63,45,71,75,456500,2,CAN,
Andreas Johansson,LW,26,Veteran,L,72,203,33,64,70,60,80,78,77,71,68,71,70,72,59,63,747000,1,SWE,
Tim Taylor,C,29,Veteran,L,73,198,37,63,67,64,78,83,84,66,54,62,67,56,81,85,705500,1,CAN,
Jamal Mayers,RW,21,Veteran,R,73,212,31,74,67,69,81,82,66,67,53,65,67,55,61,65,664000,1,CAN,
Mike Komisarek,D,46,Veteran,R,76,237,24,76,61,77,77,80,68,64,55,61,71,45,40,44,1237900,3,USA,
Ladislav Nagy,LW,18,Veteran,L,71,192,27,69,76,65,82,78,74,75,82,77,72,74,56,62,830000,1,SLO,
Shane Hnidy,D,38,Veteran,R,74,204,30,76,61,69,77,77,64,63,58,60,69,45,50,55,601750,1,CAN,
Mike Modano,C,9,Veteran,L,75,205,36,63,82,69,81,85,78,83,78,77,74,70,91,93,6225000,3,USA,
Alexander Frolov,LW,24,Veteran,R,75,195,24,65,72,70,80,82,70,70,78,74,70,72,52,57,2000000,4,RUS,
Stephane Robidas,D,56,Veteran,R,71,188,29,74,70,66,80,82,75,71,66,67,75,53,53,56,603825,3,CAN,
Bryan Helmer,D,28,Veteran,R,74,208,34,63,64,65,76,80,76,67,45,65,66,45,65,69,352750,1,CAN,
Sheldon Souray,D,45,Veteran,L,76,227,30,76,63,77,82,78,64,65,68,72,75,60,62,67,1328000,1,CAN,
Denis Hamel,LW,56,Veteran,L,74,203,29,66,61,70,75,78,83,61,45,58,66,52,49,52,415000,3,CAN,
Jose Theodore,G,60,Veteran,R,71,180,30,85,86,83,88,90,88,89,74,85,0,0,64,67,4565000,2,CAN,
Benoit Gratton,C,42,Veteran,L,71,180,29,67,62,60,74,77,75,62,44,51,66,50,54,57,400000,1,CAN,
Keith Carney,D,3,Veteran,L,73,216,36,75,65,75,82,91,70,64,60,62,77,46,80,83,2158000,2,USA,
Marco Sturm,RW,19,Veteran,L,72,195,28,61,79,63,81,78,76,79,70,70,70,72,64,68,1950000,2,GER,
Gordie Dwyer,LW,35,Veteran,L,75,202,28,80,53,77,76,80,31,55,44,51,62,48,41,43,400000,1,CAN,
Todd White,C,31,Veteran,L,70,194,31,63,69,61,79,77,80,69,71,68,71,67,60,63,1150000,2,CAN,
Steve Begin,RW,27,Veteran,L,71,195,28,81,65,61,78,79,59,64,60,70,74,63,55,60,650000,3,CAN,
Pavol Demitra,C,41,Veteran,L,72,204,31,62,76,64,82,80,84,76,81,83,69,76,72,76,5395000,2,SLO,
Zigmund Palffy,RW,33,Veteran,L,70,180,34,63,81,58,82,76,82,81,83,80,74,82,78,78,5187500,3,SLO,
Adam Hall,RW,9,Veteran,R,75,208,26,68,62,73,79,80,76,61,61,64,65,65,52,55,568550,2,USA,
Dick Tarnstrom,D,47,Veteran,L,73,205,31,68,72,66,83,84,81,73,79,82,68,60,63,68,913000,3,SWE,
Dan Hamhuis,D,2,Veteran,L,72,204,23,70,66,67,81,83,75,69,71,65,68,53,44,46,937900,1,CAN,
David Hale,D,31,Veteran,L,73,215,25,70,64,67,78,81,66,65,49,57,69,45,40,44,788500,1,USA,
Andy Delmore,D,53,Veteran,R,72,201,29,60,70,52,69,78,74,66,65,69,58,56,53,48,830000,2,CAN,
Greg Johnson,C,22,Veteran,L,71,200,35,62,71,58,79,84,78,69,64,62,64,65,74,77,1328000,1,CAN,
Mattias Weinhandl,RW,12,Veteran,R,72,195,26,64,66,62,78,77,77,65,64,67,69,59,40,44,850000,3,SWE,
Simon Gamache,C,43,Rookie,L,69,185,26,52,66,51,68,71,82,68,53,54,56,58,58,53,684750,2,CAN,
Vincent Lecavalier,C,4,Veteran,L,76,215,26,73,76,75,82,85,86,75,79,75,71,78,56,62,4150000,3,CAN,
Mariusz Czerkawski,RW,46,Veteran,R,72,200,34,59,76,60,79,79,80,76,72,67,65,74,67,67,664000,1,POL,
Scott Hartnell,LW,17,Veteran,L,74,210,24,77,69,73,81,77,65,72,64,66,68,67,54,59,981475,1,CAN,
Mika Noronen,G,35,Veteran,L,74,200,27,78,79,79,77,80,88,77,81,78,0,0,53,57,750000,1,FIN,
Frantisek Kaberle,D,8,Veteran,L,73,190,32,65,68,60,82,89,74,69,74,70,73,57,55,58,1245000,3,CZE,
Mathieu Dandenault,D,25,Veteran,R,74,200,30,68,71,64,78,85,79,72,61,60,72,51,68,71,1203500,1,CAN,
Mikael Samuelsson,RW,39,Veteran,L,74,211,29,69,70,72,79,77,74,69,68,65,73,68,53,55,550000,2,SWE,
Tomas Vokoun,G,37,Veteran,R,72,195,30,87,89,83,91,90,75,87,70,86,0,0,61,66,3750000,4,CZE,
Jamie Allison,D,33,Veteran,L,73,210,31,74,62,66,77,79,59,63,51,59,64,45,56,60,477250,3,CAN,
Jason Morgan,C,21,Veteran,L,73,200,29,56,59,65,74,79,80,62,48,55,65,45,47,51,290500,2,CAN,
Grant Marshall,RW,42,Veteran,R,73,200,33,74,65,68,79,78,73,66,58,63,66,60,74,78,1328000,1,CAN,
Jeremy Stevenson,RW,41,Veteran,L,73,215,32,78,63,70,79,78,53,60,52,55,66,57,54,57,332000,3,USA,
Brad Norton,D,45,Veteran,L,76,235,31,76,59,75,78,81,42,57,52,60,66,45,56,60,394250,1,USA,
Jeff Jillson,D,5,Veteran,R,75,224,26,68,64,69,76,80,62,64,64,66,67,53,40,44,1000000,3,USA,
Mathieu Darche,LW,32,Veteran,L,73,211,29,66,65,65,74,78,78,70,43,48,62,46,40,44,502150,1,CAN,
Michael Farrell,RW,36,Rookie,R,72,220,26,61,60,59,74,78,76,60,44,50,61,46,40,44,352750,2,USA,
Chad Kilger,LW,30,Veteran,L,76,223,29,68,68,71,78,80,85,72,50,59,67,52,60,62,750000,3,CAN,
Jassen Cullimore,D,6,Veteran,L,77,246,33,74,60,75,80,82,84,57,53,63,72,46,71,75,1369500,2,CAN,
Vaclav Prospal,LW,15,Veteran,L,73,194,31,67,74,62,79,85,79,75,83,78,69,72,65,64,5000000,2,CZE,
Wyatt Smith,C,40,Veteran,L,71,208,29,61,71,60,76,78,77,72,48,59,68,53,48,52,332000,1,USA,
Mike Fisher,LW,12,Veteran,R,73,200,26,76,72,68,77,71,68,70,66,68,73,68,62,67,1700000,3,CAN,
Pavel Kubina,D,15,Veteran,R,76,242,29,74,68,75,82,84,73,71,70,70,75,61,66,71,2075000,2,CZE,
Brent Sopel,D,3,Veteran,R,73,213,29,68,76,65,79,82,77,73,77,73,66,55,62,66,2500000,3,CAN,
Todd Bertuzzi,LW,44,Veteran,L,75,245,31,80,73,86,82,84,51,74,81,83,69,74,67,69,5644000,2,CAN,
Steve Martins,C,47,Veteran,L,67,187,34,67,70,57,77,78,62,69,44,58,64,52,67,71,500000,2,CAN,
Antoine Vermette,C,20,Veteran,L,73,191,24,68,64,65,78,79,78,67,61,65,70,60,43,47,539500,1,CAN,
Rico Fata,RW,17,Veteran,L,72,205,26,67,76,66,81,83,75,74,69,62,63,66,53,58,1000000,4,CAN,
Ian Moran,D,26,Veteran,R,72,204,34,67,64,53,72,77,60,66,56,59,67,47,65,69,581000,1,USA,
Simon Gagne,LW,14,Veteran,L,72,195,26,62,79,58,80,78,82,81,76,70,72,83,57,65,2158000,3,CAN,
Jiri Bicek,RW,13,Veteran,L,70,195,27,64,59,55,76,78,85,60,48,57,64,54,40,44,850000,2,SLO,
Radek Dvorak,RW,23,Veteran,R,74,200,29,60,76,67,81,83,77,77,75,72,70,66,67,70,1660000,3,CZE,
Peter Sejna,LW,25,Rookie,L,69,197,26,58,67,57,76,80,81,68,47,64,62,53,40,44,1004300,3,CZE,
Pierre Hedin,D,22,Veteran,L,73,198,28,58,62,58,74,78,81,65,45,55,62,45,42,45,498000,2,SWE,
Rob Skrlac,LW,28,Veteran,L,77,245,30,78,53,76,80,80,34,54,43,51,59,48,45,48,249000,1,CAN,
Scott Gomez,C,24,Veteran,L,71,200,26,66,76,60,81,83,76,75,89,77,69,71,63,67,2800000,3,USA,
Scott Niedermayer,D,29,Veteran,L,73,200,33,70,81,69,85,84,79,82,84,81,76,57,88,92,7100000,5,CAN,
Alexei Zhitnik,D,45,Veteran,L,71,214,33,75,70,67,79,84,66,72,72,67,74,53,77,79,3112500,1,UKR,
Radek Martinek,D,27,Veteran,R,72,210,30,70,65,60,77,78,70,64,54,60,65,52,46,49,498000,3,CZE,
Lance Ward,D,49,Veteran,L,75,216,28,78,61,74,72,75,62,65,51,53,67,45,44,44,700000,3,CAN,
Hal Gill,D,32,Veteran,L,79,255,31,75,59,81,78,81,67,58,57,62,77,47,65,69,1660000,3,USA,
Rob Niedermayer,RW,48,Veteran,L,74,209,31,71,74,72,77,76,84,78,60,63,67,65,75,77,1743000,2,CAN,
Martin Brodeur,G,30,Veteran,L,74,210,34,91,90,83,95,96,91,88,93,86,0,0,88,91,7677500,3,CAN,
Felix Potvin,G,31,Veteran,L,73,195,35,75,80,76,80,85,84,78,69,77,0,0,81,84,1250000,3,CAN,
Craig Darby,C,63,Veteran,R,76,205,34,56,59,74,74,78,66,64,44,53,64,50,58,60,539500,2,USA,
David Legwand,C,11,Veteran,L,74,190,26,65,72,66,80,84,79,71,74,72,70,70,54,58,1307250,3,USA,
Raymond Giroux,D,16,Veteran,L,73,190,30,61,65,58,75,79,77,61,51,56,63,45,47,50,456500,2,CAN,
Brad Bombardir,D,19,Veteran,L,73,205,34,61,66,63,79,82,80,67,52,65,71,46,58,63,610050,1,CAN,
Ville Nieminen,LW,39,Veteran,L,73,208,29,75,68,67,76,80,65,65,59,59,67,56,49,46,664000,1,FIN,
Brian Pothier,D,29,Veteran,L,72,198,29,64,65,66,79,81,74,67,67,65,69,48,54,56,600000,2,USA,
Ilja Bryzgalov,G,1,Veteran,L,75,196,26,72,73,70,76,76,81,71,63,63,0,0,45,43,705500,2,CAN,
Christian Berglund,C,14,Veteran,L,71,195,26,61,68,61,78,80,85,67,52,56,65,57,40,44,601750,2,SWE,
Garrett Burnett,LW,38,Veteran,L,75,234,31,91,50,87,74,80,35,50,43,47,52,50,43,38,286350,1,CAN,
David Oliver,RW,26,Veteran,R,72,190,35,62,61,56,77,80,77,62,52,58,66,59,56,57,373500,2,CAN,
Nolan Baumgartner,D,4,Veteran,R,74,205,30,62,63,66,74,75,76,66,68,60,68,52,50,50,450000,4,CAN,
Vladimir Orszagh,RW,40,Veteran,L,71,195,29,69,72,59,79,83,71,70,66,63,66,66,55,58,150000,1,SLO,
Stanislav Chistov,RW,23,Veteran,R,69,193,23,70,66,50,69,82,87,67,62,61,63,59,40,39,1037500,1,RUS,
Pascal Dupuis,RW,13,Veteran,L,72,196,27,68,67,65,79,81,78,72,66,67,72,65,50,54,700000,2,CAN,
Ales Hemsky,RW,27,Veteran,R,72,192,23,59,71,65,78,79,83,68,74,68,65,65,45,49,1300000,3,CZE,
Mike Cammalleri,C,46,Veteran,L,69,185,24,61,67,57,77,77,65,66,56,64,66,65,40,44,1050000,4,CAN,
Kristian Huselius,LW,33,Veteran,L,73,190,27,61,76,59,77,86,82,75,68,72,66,69,50,52,1120500,2,SWE,
Artem Chubarov,C,18,Veteran,L,73,205,26,62,68,66,76,82,80,67,55,63,69,62,51,53,703010,1,RUS,
Andy Hilbert,C,30,Veteran,L,71,199,25,61,65,54,65,77,73,65,44,54,65,54,32,32,890000,2,USA,
Marcel Hossa,RW,34,Veteran,L,74,215,24,65,64,66,75,80,76,68,54,59,64,59,40,44,892250,2,SLO,
Sergei Brylin,LW,19,Veteran,L,70,190,32,61,72,58,80,82,84,72,66,64,72,63,65,68,1286500,3,RUS,
Milan Hnilicka,G,5,Veteran,L,73,190,33,75,74,74,74,84,88,73,60,73,0,0,52,55,1203500,1,CZE,
Karl Dykhuis,D,28,Veteran,L,75,214,34,61,65,71,74,79,75,67,48,53,66,45,73,77,450000,2,CAN,
Niclas Havelid,D,49,Veteran,L,72,200,33,68,68,56,77,82,82,68,68,70,65,53,49,48,600000,3,SWE,
Jeffrey Hamilton,C,20,Veteran,R,70,179,29,54,52,41,73,78,76,59,44,55,60,50,49,53,332000,1,USA,
Bruno St.Jacques,D,42,Veteran,L,74,210,26,72,62,67,75,79,61,61,54,57,67,45,46,48,500000,2,CAN,
Nikita Alexeev,LW,15,Rookie,L,77,212,25,60,67,67,74,76,77,65,51,53,52,49,40,42,830000,2,RUS,
Sven Butenschon,D,32,Veteran,L,76,215,30,62,60,73,78,82,71,62,55,57,66,46,57,62,269750,3,GER,
Tomi Pettinen,D,16,Veteran,L,75,220,29,54,60,74,74,78,75,60,44,53,65,45,48,50,440000,2,FIN,
Pavel Trnka,D,17,Veteran,L,74,206,30,68,63,64,81,84,76,66,65,63,73,50,57,61,830000,3,CZE,
Rem Murray,LW,20,Veteran,L,74,197,33,68,66,68,79,76,80,65,60,64,70,63,69,74,830000,1,CAN,
Paul Kariya,LW,9,Veteran,L,70,180,31,65,84,55,79,81,78,87,76,78,66,72,81,87,7000000,3,CAN,
Dale Purinton,D,5,Veteran,L,74,220,29,80,56,77,81,78,41,55,50,56,67,46,55,60,477250,2,USA,
Eric Daze,RW,55,Veteran,L,78,235,31,66,67,77,79,76,80,68,72,71,69,73,67,72,2656000,1,QUE,
David Tanabe,D,46,Veteran,R,73,212,26,62,74,66,79,78,81,73,61,66,71,52,49,53,747000,1,USA,
Brian Rafalski,D,28,Veteran,R,70,190,33,63,74,59,81,84,80,77,77,75,73,55,59,64,3112500,1,USA,
Derian Hatcher,D,2,Veteran,L,77,235,34,82,60,79,77,76,72,60,69,73,78,49,86,88,4980000,3,USA,
Burke Henry,D,31,Veteran,L,75,206,27,69,60,69,78,82,55,60,56,60,68,53,40,44,650000,2,CAN,
Jed Ortmeyer,RW,27,Veteran,R,72,190,28,63,67,63,79,82,79,69,53,68,69,56,45,49,415000,2,USA,
Chris Taylor,C,16,Veteran,L,74,188,34,61,56,65,75,78,74,57,53,57,68,56,58,58,290500,1,CAN,
Josh Green,LW,12,Veteran,L,76,224,28,67,64,73,81,82,79,67,54,62,68,55,52,57,373500,2,CAN,
Luke Richardson,D,26,Veteran,L,76,215,37,73,55,77,79,84,79,57,59,60,73,46,87,89,2282500,1,CAN,
Jeff Halpern,C,21,Veteran,R,72,198,30,74,69,64,82,84,80,69,73,66,72,68,66,70,1224250,2,USA,
Blair Betts,C,23,Veteran,L,75,209,26,72,63,72,78,78,81,63,52,56,68,54,50,53,415000,1,CAN,
Eric Perrin,C,22,Veteran,L,69,166,30,56,66,59,75,78,80,65,44,58,63,50,41,45,456500,2,CAN,
Eric Lindros,C,88,Veteran,R,77,237,33,71,68,77,79,74,56,70,72,73,70,68,74,79,2739000,2,CAN,
Kevin Weekes,G,80,Veteran,L,72,212,31,84,83,79,87,89,90,85,65,88,0,0,60,65,1950500,2,CAN,
Alexei Semenov,D,37,Veteran,L,78,235,25,74,55,75,76,78,70,55,55,60,69,47,40,44,800000,4,RUS,
Cory Larose,C,24,Veteran,R,72,188,31,55,62,57,74,78,74,63,45,55,61,50,48,53,311250,3,CAN,
Sebastien Charpentier,G,40,Veteran,L,69,190,29,77,78,74,77,84,85,76,65,74,0,0,52,56,400000,2,CAN,
Jamie Langenbrunner,RW,18,Veteran,R,73,200,31,72,72,67,79,80,76,71,68,69,72,67,67,70,1724573,1,USA,
Jamie Pushor,D,8,Veteran,R,76,224,33,71,55,72,75,78,81,62,45,51,64,45,64,68,788500,3,CAN,
Ken Gernander,RW,38,Veteran,L,70,175,37,61,57,59,73,78,76,58,44,55,62,50,65,69,249000,1,USA,
Paul Healey,LW,13,Veteran,R,74,207,31,55,60,69,74,78,70,58,50,59,66,52,57,62,385950,1,CAN,
Bryan Smolinski,LW,30,Veteran,R,73,208,34,64,69,67,81,83,77,70,78,69,73,66,75,77,2199500,1,USA,
Sandy McCarthy,RW,19,Veteran,R,75,223,34,71,58,78,80,76,64,59,47,59,63,56,73,76,664000,2,CAN,
Jody Shelley,LW,45,Veteran,L,76,225,30,86,56,84,81,83,31,57,48,52,64,53,54,58,560250,2,CAN,
Stephen Valiquette,G,47,Veteran,L,77,205,29,74,68,76,70,78,84,67,56,69,0,0,54,57,394250,2,CAN,
Steve Rucchin,C,43,Veteran,L,74,215,35,64,68,75,79,80,90,72,74,71,67,70,76,79,2469250,1,CAN,
Tie Domi,RW,30,Veteran,R,70,213,36,85,60,78,80,84,37,59,60,58,66,61,86,90,1037500,2,CAN,
Bobby Holik,C,18,Veteran,R,76,235,35,75,67,75,80,84,70,68,74,71,73,74,87,89,4565000,3,CZE,
Ivan Majesky,D,36,Veteran,R,77,230,30,76,55,80,77,88,69,50,55,61,68,51,45,49,700000,3,SLO,
Reinhard Divis,G,50,Veteran,L,71,196,31,77,78,75,76,84,88,77,58,74,0,0,45,48,425250,2,AUT,
Mike Dunham,G,46,Veteran,L,74,200,34,82,81,78,85,82,88,78,70,78,0,0,62,66,2739000,2,USA,
Aaron Miller,D,8,Veteran,R,76,218,35,75,65,75,81,76,72,68,54,65,74,47,77,80,2905000,3,USA,
Josef Melichar,D,2,Veteran,L,74,220,27,71,66,72,80,82,79,67,54,62,72,50,57,62,581000,1,CZE,
Daniel Alfredsson,RW,11,Veteran,R,71,199,33,65,77,62,84,80,82,77,89,82,74,82,78,85,6750000,5,SWE,
Teemu Selanne,RW,14,Veteran,R,72,205,36,60,80,61,78,83,84,83,76,72,67,73,90,90,2905000,2,FIN,
Brad Richards,C,19,Veteran,L,73,194,26,65,78,65,82,84,84,78,83,80,71,76,56,60,1992000,3,CAN,
Marian Hossa,RW,20,Veteran,L,73,208,27,64,80,72,82,84,82,80,87,81,68,80,56,62,4000000,4,SLO,
JP Dumont,LW,26,Veteran,L,73,203,28,66,70,71,68,93,88,70,75,71,64,74,51,50,1162000,1,CAN,
Martin Rucinsky,LW,35,Veteran,L,74,207,35,67,70,72,77,82,64,69,70,70,69,72,76,75,2500000,3,CZE,
Sean Brown,D,34,Veteran,L,75,215,29,72,62,72,77,78,65,67,51,60,69,45,57,60,400000,2,CAN,
Alexander Korolyuk,LW,94,Veteran,L,69,190,30,59,75,58,80,82,83,73,65,68,70,70,53,57,996000,2,RUS,
Martin Biron,G,43,Veteran,L,74,169,29,83,84,78,88,87,78,81,72,84,0,0,64,68,2750000,4,CAN,
Dennis Bonvie,RW,22,Veteran,R,71,221,33,78,56,75,76,80,36,60,42,45,61,50,70,61,410850,1,CAN,
Ryan Johnson,C,25,Veteran,L,73,205,30,64,69,66,79,81,86,71,54,60,66,53,52,56,498000,2,CAN,
Eric Belanger,C,32,Veteran,L,71,185,28,67,66,60,78,82,75,67,64,65,67,65,56,60,617354,1,QUE,
Zdeno Chara,D,3,Veteran,L,81,255,29,79,64,83,87,84,60,59,76,75,80,59,54,58,1992000,2,SLO,
Brad Ference,D,45,Veteran,R,75,218,27,76,63,74,80,84,54,60,54,61,67,45,56,59,1095600,3,CAN,
John Erskine,D,23,Veteran,L,76,215,26,78,59,77,79,80,37,56,46,53,66,45,40,44,547800,3,CAN,
Bryce Salvador,D,31,Veteran,L,74,214,30,72,65,70,81,83,81,66,55,66,71,50,52,56,996000,3,CAN,
Jody Hull,LW,15,Veteran,R,74,195,37,53,62,68,73,78,80,61,48,53,65,50,71,73,502140,3,CAN,
Johnathan Aitken,D,29,Veteran,L,75,188,28,74,61,68,77,81,59,65,47,55,67,45,41,46,560250,1,CAN,
Matt Bradley,RW,47,Veteran,R,75,199,28,68,60,74,77,79,78,61,57,61,64,56,47,51,435105,4,CAN,
Travis Brigley,LW,33,Veteran,L,73,190,29,60,58,61,76,81,83,63,51,52,66,54,45,48,301360,4,CAN,
Donald Brashear,LW,12,Veteran,L,74,235,34,82,69,90,80,84,33,65,55,59,64,58,61,65,1867500,3,USA,
Jason MacDonald,RW,42,Veteran,R,72,195,32,77,58,73,77,78,40,57,43,54,58,50,49,54,150000,2,CAN,
Jon Klemm,D,24,Veteran,R,74,200,36,71,62,69,78,82,76,65,58,63,74,47,76,79,2075000,1,CAN,
Derek Bekar,C,28,Veteran,L,74,180,31,60,59,62,74,78,82,58,44,54,62,50,49,54,150000,2,CAN,
Kevin Miller,C,27,Veteran,R,71,190,41,55,58,56,76,77,75,60,48,53,61,50,84,84,150000,2,USA,
Scott Pellerin,LW,41,Veteran,L,71,189,36,62,64,60,74,78,80,64,46,56,65,50,67,70,150000,2,CAN,
Mike Eastwood,C,48,Veteran,R,75,216,39,68,62,74,78,82,79,61,62,65,72,54,76,77,600000,1,CAN,
Byron Dafoe,G,38,Veteran,L,71,185,35,78,76,77,79,75,86,76,66,75,0,0,75,79,2905000,1,ENG,
JS Giguere,G,44,Veteran,L,73,200,29,89,87,84,87,90,91,87,69,87,0,0,58,63,3735000,3,CAN,
Sandis Ozolinsh,D,9,Veteran,L,73,217,34,66,83,62,78,76,85,82,76,75,68,56,81,75,4565000,1,LAT,
Brian Gionta,RW,14,Veteran,R,67,175,27,68,79,58,80,83,77,76,71,68,71,75,50,55,539500,2,USA,
Martin Gelinas,LW,36,Veteran,L,71,202,36,71,67,72,80,86,72,69,65,69,70,71,88,91,1992000,1,CAN,
Vesa Toskala,G,42,Veteran,L,70,195,29,81,80,76,78,86,88,77,72,76,0,0,48,50,800000,4,FIN,
Marty Turco,G,38,Veteran,L,71,183,31,86,87,83,90,91,76,89,86,88,0,0,66,71,3320000,1,CAN,
Eric Desjardins,D,39,Veteran,R,73,205,37,63,75,64,79,77,80,75,72,68,75,50,91,95,3320000,2,CAN,
Mark Parrish,RW,27,Veteran,R,71,200,29,63,72,60,78,82,81,74,61,67,67,75,62,67,2282500,2,USA,
Jim Dowd,C,35,Veteran,R,73,190,37,64,65,61,78,83,73,61,65,64,72,58,82,84,500000,1,USA,
Nicklas Lidstrom,D,7,Veteran,L,74,190,36,68,81,71,84,86,82,81,77,82,81,57,89,92,6640000,1,SWE,
Mario Lemieux,C,66,Veteran,R,76,230,40,59,73,73,77,74,69,75,91,84,66,74,99,99,4357500,1,CAN,
Brian Leetch,D,2,Veteran,L,72,185,38,64,77,64,82,85,82,76,80,83,72,60,92,96,4150000,2,USA,
Nathan Dempsey,D,43,Veteran,R,72,191,32,67,66,62,79,83,78,68,69,73,70,56,63,65,622500,2,CAN,
Jason Smith,D,31,Veteran,R,75,215,32,78,64,73,81,83,67,67,60,66,75,54,74,79,2656000,2,CAN,
Mattias Timander,D,45,Veteran,L,75,228,32,68,71,73,78,78,76,69,59,63,71,48,60,63,996000,3,SWE,
Richard Matvichuk,D,37,Veteran,L,74,215,33,74,61,67,78,83,78,68,65,57,70,46,77,79,1826000,3,CAN,
Andrew Brunette,LW,15,Veteran,L,73,210,33,57,71,68,81,83,82,72,75,69,68,67,65,69,1950000,4,CAN,
Miroslav Satan,LW,81,Veteran,L,75,191,31,61,79,71,80,87,78,81,76,76,67,78,73,73,4440500,2,SLO,
Claude Lapointe,C,26,Veteran,L,69,188,37,70,73,59,77,78,75,74,51,62,69,59,84,87,830000,1,CAN,
Steve Yzerman,C,33,Veteran,R,70,185,41,64,66,63,78,74,72,70,78,71,74,69,99,99,4855353,1,CAN,
Tom Kostopoulos,RW,34,Veteran,R,72,200,27,73,66,71,79,78,66,64,59,64,73,58,55,63,352750,2,CAN,
Darby Hendrickson,C,24,Veteran,L,73,195,34,63,68,63,77,79,80,65,49,50,67,53,67,67,676450,3,USA,
Bill Muckalt,RW,16,Veteran,R,74,200,31,68,66,70,78,71,79,67,60,67,66,63,54,57,400000,2,CAN,
Boyd Kane,LW,20,Veteran,L,74,218,28,75,58,76,75,78,34,56,43,54,59,50,43,45,332000,2,CAN,
Eric Messier,LW,29,Veteran,L,73,197,32,71,67,68,77,75,66,66,52,63,72,53,56,59,664000,1,CAN,
Mike Richards,C,52,Rookie,L,71,185,20,67,70,66,80,83,70,71,67,69,72,60,40,46,700000,3,CAN,
Kirby Law,RW,47,Veteran,R,73,190,29,65,56,61,74,78,76,60,44,56,61,50,43,45,307100,2,CAN,
Mike Peluso,LW,17,Veteran,R,73,208,32,68,62,67,73,78,78,63,42,56,63,50,47,48,332000,1,USA,
Patrick Sharp,C,13,Veteran,R,72,188,24,70,64,62,79,80,66,65,46,61,64,56,40,44,750000,2,CAN,
Peter White,C,32,Veteran,L,71,200,37,57,63,55,74,78,78,63,44,59,63,50,66,68,502150,1,CAN,
Milan Hejduk,RW,23,Veteran,R,72,190,30,66,79,62,81,85,82,79,79,80,72,85,60,63,2656000,3,CZE,
Josh Harding,G,34,Veteran,L,73,185,21,66,71,69,65,71,80,69,66,65,0,0,42,45,450000,3,CAN,
Ray Whitney,LW,15,Veteran,R,70,178,34,58,78,58,78,82,75,75,75,74,66,69,72,74,2490000,1,CAN,
Jeff Friesen,LW,11,Veteran,L,73,205,30,64,80,66,81,84,80,83,67,68,69,68,73,77,2490000,3,CAN,
Nick Dimitrakos,RW,44,Veteran,R,70,205,27,64,69,59,80,80,78,70,65,63,68,62,44,48,850000,3,USA,
Marek Zidlicky,D,6,Veteran,R,71,190,29,70,72,63,80,83,70,74,79,79,63,58,45,47,415000,1,CZE,
Mats Sundin,C,13,Veteran,R,77,231,35,70,77,75,83,86,79,76,82,78,73,78,93,98,7470000,2,SWE,
Andy Sutton,D,42,Veteran,L,78,245,31,77,61,79,80,83,60,61,67,68,73,53,50,54,643250,1,CAN,
Jonathan Cheechoo,RW,17,Veteran,R,73,190,26,68,72,71,81,82,82,72,68,67,69,75,40,44,1395000,3,CAN,
Mike Johnson,RW,14,Veteran,R,74,201,31,67,70,70,79,76,74,71,78,75,72,71,62,67,1909000,1,CAN,
Robert Lang,C,23,Veteran,R,75,217,35,58,73,76,81,84,80,72,85,81,70,78,69,69,4150000,1,CZE,
Josef Boumedienne,D,56,Veteran,L,74,205,28,70,64,69,78,80,74,64,62,66,69,48,48,52,550000,3,SWE,
Todd Marchant,C,27,Veteran,L,70,180,33,68,81,59,82,84,80,80,74,70,75,63,74,77,2407000,3,USA,
Lukas Krajicek,D,20,Rookie,L,74,185,23,67,68,62,80,79,72,71,68,67,69,49,44,46,601750,1,CZE,
Dwayne Roloson,G,37,Veteran,L,73,178,36,86,85,83,85,87,89,87,70,88,0,0,65,69,3200000,3,CAN,
David Vyborny,RW,12,Veteran,L,70,189,31,63,77,57,81,85,77,75,74,71,68,73,54,57,871500,3,CZE,
Arron Asham,LW,46,Veteran,R,71,205,28,79,64,67,79,82,62,64,67,65,69,65,56,58,539500,1,CAN,
Petr Schastlivy,LW,25,Veteran,L,73,204,27,55,70,65,70,79,80,71,53,57,59,61,42,40,650000,2,RUS,
Christian Laflamme,D,31,Veteran,R,73,208,29,71,61,63,77,80,60,63,54,60,66,45,62,65,150000,1,CAN,
Steve Passmore,G,43,Veteran,L,69,165,33,71,74,70,75,82,83,68,60,71,0,0,68,72,650000,2,CAN,
Erik Westrum,C,24,Rookie,L,72,204,26,71,61,64,76,78,68,60,45,57,63,51,40,44,464800,1,USA,
JM Pelletier,G,39,Veteran,L,75,209,28,75,72,75,73,84,85,71,57,73,0,0,45,49,650000,3,USA,
Byron Ritchie,C,45,Veteran,L,70,195,29,69,67,55,78,82,47,64,55,60,65,55,49,52,394250,1,CAN,
Todd Reirden,D,29,Veteran,L,77,220,35,68,61,72,75,78,76,59,49,58,65,45,61,63,547800,3,USA,
Scott Thornton,LW,21,Veteran,L,75,225,35,74,63,74,80,82,72,63,63,62,67,65,85,87,1182750,1,CAN,
Brian Campbell,D,51,Veteran,L,72,191,27,62,71,55,78,80,81,71,71,65,62,59,46,44,750000,3,CAN,
Raffi Torres,LW,33,Veteran,L,72,216,24,72,66,65,78,80,72,65,61,62,68,71,47,52,800000,3,CAN,
Aaron Johnson,D,20,Veteran,L,72,186,23,71,65,64,77,81,68,69,58,62,67,50,40,44,664000,2,CAN,
Kimmo Timonen,D,45,Veteran,L,70,194,31,67,77,61,83,86,74,78,80,78,68,58,64,68,3112500,2,FIN,
Olaf Kolzig,G,37,Veteran,L,75,225,36,88,83,89,90,89,89,86,70,84,0,0,76,80,5700000,4,AFR,
Rostislav Klesla,D,46,Veteran,L,75,208,24,69,70,70,77,80,77,66,64,60,68,49,50,54,892250,1,CZE,
Konstantin Koltsov,LW,18,Veteran,L,72,206,25,63,77,63,80,82,81,78,66,62,64,59,46,49,1120500,3,RUS,
Alex Henry,D,28,Veteran,L,77,220,26,74,59,75,78,80,57,57,51,60,68,48,43,45,600000,2,CAN,
Richard Jackman,D,34,Veteran,R,74,197,28,62,72,62,80,82,77,71,72,74,66,55,50,55,486081,1,CAN,
Ed Jovanovski,D,55,Veteran,L,74,210,30,76,77,69,82,80,72,78,79,74,72,58,73,75,4150000,1,CAN,
Jason York,D,41,Veteran,R,73,208,36,68,64,62,80,82,69,66,62,63,70,48,76,81,1660000,2,CAN,
Mark Eaton,D,4,Veteran,L,74,212,29,69,68,70,81,83,80,68,57,67,73,50,52,55,625000,2,USA,
Mike Sillinger,RW,19,Veteran,R,71,195,35,69,69,64,81,82,74,68,69,65,68,69,83,86,250000,4,CAN,
Jussi Jokinen,LW,13,Veteran,L,71,183,22,58,67,59,73,76,85,68,66,63,62,63,40,42,700000,3,FIN,
Matt Cullen,C,22,Veteran,L,74,218,29,59,74,71,79,83,81,72,63,66,70,69,60,63,1452500,3,USA,
Ryan Malone,C,15,Veteran,L,76,216,26,69,67,72,82,82,81,65,69,69,67,74,44,44,498000,1,USA,
Alexandre Daigle,RW,26,Veteran,L,72,204,31,54,76,60,80,83,82,77,73,72,65,70,55,51,2500000,3,CAN,
Darius Kasparaitis,D,21,Veteran,L,72,215,33,78,65,72,78,76,75,67,60,66,74,46,82,85,3486000,1,LIT,
Patrice Bergeron,C,39,Veteran,R,72,186,21,62,72,57,76,82,85,71,73,72,68,68,44,46,747000,1,CAN,
Zdenek Blatny,C,40,Rookie,L,73,195,25,58,62,63,65,79,76,62,40,47,49,53,32,32,650000,4,CZE,
Philippe Sauve,G,36,Veteran,L,72,190,27,78,78,76,76,84,89,77,60,74,0,0,40,44,780200,2,USA,
Joffrey Lupul,RW,16,Veteran,R,73,200,23,58,69,63,76,87,87,70,67,67,62,70,44,46,983550,1,CAN,
Robert Scuderi,D,35,Rookie,L,73,194,26,58,62,60,75,78,74,63,49,55,65,46,40,44,332000,2,USA,
Steve McKenna,LW,24,Veteran,L,80,252,33,78,57,79,77,80,47,54,52,58,62,52,65,70,332000,1,CAN,
Martin Brochu,G,50,Veteran,L,72,199,33,69,72,70,72,80,76,68,56,68,0,0,61,63,410850,1,CAN,
Brooks Orpik,D,25,Veteran,L,74,228,26,75,60,73,77,82,62,58,58,62,66,46,40,44,1245000,2,USA,
Jay Pandolfo,LW,32,Veteran,L,73,190,31,61,71,61,79,84,84,65,58,62,74,61,70,73,1500000,4,USA,
Andrei Markov,D,79,Veteran,L,72,203,27,63,75,60,82,81,76,74,76,71,68,58,54,54,1079000,1,RUS,
Niko Kapanen,C,39,Veteran,L,69,180,28,67,65,61,78,82,84,66,65,67,72,54,46,44,456500,1,FIN,
Tom Fitzgerald,RW,40,Veteran,R,72,190,38,65,64,61,78,82,74,65,58,61,67,57,91,95,550000,1,USA,
Rory Fitzpatrick,D,49,Veteran,R,74,208,31,63,65,65,76,81,75,67,56,62,67,53,42,45,332000,3,USA,
Curtis Leschyshyn,D,2,Veteran,L,73,207,37,64,64,66,78,80,82,65,51,63,71,46,82,86,1660000,1,CAN,
Steve Ott,LW,5,Veteran,L,72,185,24,75,67,63,79,81,59,68,59,64,66,47,46,50,850000,2,CAN,
Jay Bouwmeester,D,4,Veteran,L,76,218,23,65,79,72,82,85,78,80,66,65,70,48,48,48,2075000,3,CAN,
Paul Martin,D,26,Veteran,L,73,190,25,63,66,61,80,81,83,68,72,66,69,56,44,45,747000,2,USA,
Mike Keane,RW,12,Veteran,R,70,190,39,63,59,60,75,79,78,62,50,54,72,58,95,96,550000,1,CAN,
Jason Williams,C,37,Veteran,R,71,190,26,68,68,60,78,78,82,67,72,67,66,65,44,45,365200,2,CAN,
Petr Prucha,C,22,Rookie,R,70,161,23,64,78,57,79,75,81,73,62,67,59,73,40,44,400000,3,CZE,
Niklas Kronwall,D,36,Rookie,L,72,165,25,65,63,62,78,79,67,67,56,57,65,46,40,44,1200000,4,SWE,
Jim McKenzie,RW,27,Veteran,L,76,230,36,76,58,75,77,81,55,57,48,51,62,47,76,78,539500,1,CAN,
Jeff Heerema,RW,28,Veteran,R,73,190,26,55,67,61,76,80,78,67,48,59,63,54,48,52,150000,1,CAN,
Rick Dipietro,G,44,Veteran,R,71,190,25,80,83,76,86,87,70,80,83,77,0,0,53,55,2075000,1,USA,
Eric Nickulas,RW,21,Veteran,R,71,206,31,74,62,65,78,80,76,61,56,61,68,57,48,48,350000,1,USA,
Brent Krahn,G,33,Rookie,L,76,206,24,68,66,71,70,80,72,63,59,60,0,0,40,45,518750,2,CAN,
Rickard Wallin,C,18,Veteran,L,74,185,26,65,64,64,76,80,71,62,55,62,67,60,42,46,747000,1,SWE,
Jason Chimera,LW,23,Veteran,L,74,206,27,64,78,64,78,80,72,76,54,57,64,55,47,50,415000,1,CAN,
Mark Smith,LW,29,Veteran,L,70,215,28,71,65,61,78,80,60,66,53,60,65,52,40,45,150000,1,CAN,
Dan Fritsche,C,24,Rookie,R,73,198,21,62,50,64,74,78,78,50,40,46,59,51,40,44,892250,2,USA,
Aris Brimanis,D,34,Veteran,R,74,212,34,63,61,65,75,78,82,61,42,57,64,45,63,67,385950,1,USA,
Matt Walker,D,41,Veteran,R,75,227,26,72,59,72,75,78,53,56,49,59,66,45,40,44,450000,2,CAN,
Antero Niittymaki,G,3,Rookie,L,73,195,26,77,82,77,81,86,85,78,76,77,0,0,40,45,601750,2,FIN,
Matt Murley,LW,30,Rookie,L,73,206,26,62,57,66,75,78,63,59,49,59,64,51,40,44,373500,1,USA,
Joel Bouchard,D,8,Veteran,L,73,209,32,65,68,68,79,79,78,67,63,65,69,46,62,66,373500,1,CAN,
Tommi Santala,C,35,Veteran,R,74,210,27,50,50,73,65,77,73,50,43,47,50,51,42,37,290500,1,FIN,
Ben Clymer,RW,7,Veteran,R,73,196,28,67,69,63,77,80,82,69,54,60,65,50,48,51,725000,2,USA,
Serge Aubin,C,13,Veteran,L,73,200,31,72,65,65,74,80,63,62,58,62,68,59,54,51,500000,2,CAN,
Fredrik Sjostrom,LW,24,Veteran,L,73,217,23,62,72,66,79,78,81,74,56,65,65,57,40,44,809250,2,SWE,
Alexander Svitov,C,25,Veteran,L,75,228,23,66,60,74,78,82,77,62,60,57,65,53,40,44,1079000,1,RUS,
Jordan Leopold,D,7,Veteran,L,73,205,26,66,71,63,76,85,78,69,70,70,72,55,40,45,1000000,3,USA,
Jamie Lundmark,C,26,Veteran,R,72,195,25,59,68,58,80,77,74,70,55,64,65,53,52,55,950000,3,CAN,
Tim Jackman,RW,33,Rookie,R,74,190,24,64,54,66,73,77,62,57,47,51,61,51,40,44,675000,4,USA,
Richard Park,LW,21,Veteran,R,71,190,30,62,75,60,79,83,79,73,59,64,69,65,52,55,1200000,4,KOR,
Branislav Mezei,D,5,Veteran,L,77,235,25,76,59,75,77,77,49,63,56,59,69,45,40,44,684750,2,SLO,
Maxim Afinogenov,RW,61,Veteran,L,72,191,27,66,77,56,78,76,70,76,68,66,63,72,58,58,1500000,3,RUS,
Nick Boynton,D,46,Veteran,R,74,210,27,74,64,65,77,82,65,63,70,72,73,55,47,50,1286500,1,CAN,
Sergei Samsonov,LW,17,Veteran,R,68,180,27,59,81,64,79,77,86,79,72,76,70,72,64,65,3527500,2,RUS,
Patrick Marleau,C,3,Veteran,L,74,220,26,62,83,74,82,85,83,81,80,74,66,74,65,73,1950500,3,CAN,
Scott Parker,RW,44,Veteran,R,77,230,28,81,51,89,80,80,35,52,46,53,63,50,47,50,551950,1,USA,
Brent Johnson,G,1,Veteran,L,74,196,29,77,77,79,76,87,83,75,70,74,0,0,52,54,913000,1,USA,
P.J. Axelsson,LW,15,Veteran,L,73,184,31,69,74,63,79,85,85,74,66,67,76,63,65,70,1079000,3,SWE,
Tim Gleason,D,42,Veteran,L,73,217,23,68,65,67,78,78,67,66,70,65,68,46,45,45,788500,1,USA,
Jason Marshall,D,34,Veteran,R,74,196,35,73,63,69,78,81,63,69,57,64,69,46,65,68,830000,1,CAN,
Daniel Cleary,LW,8,Veteran,L,72,211,27,62,70,63,79,81,79,71,61,65,67,57,56,60,332000,1,CAN,
Nolan Schaefer,G,4,Veteran,L,73,180,26,68,65,67,75,69,83,67,63,58,0,0,40,40,415000,2,CAN,
Evgeni Nabokov,G,29,Veteran,L,72,200,31,89,88,82,88,89,80,89,65,88,0,0,61,66,4772500,3,RUS,
Chris Gratton,C,77,Veteran,L,76,221,31,77,69,77,78,80,64,70,66,65,67,64,70,74,1452500,1,CAN,
Zbynek Michalek,D,30,Rookie,R,74,185,23,66,67,68,82,79,79,68,67,64,69,53,40,44,473100,2,CZE,
Scott Walker,RW,32,Veteran,R,70,196,33,74,69,67,80,82,66,68,79,73,70,74,71,75,1618500,1,CAN,
John Slaney,D,22,Veteran,L,72,190,34,55,60,56,74,78,81,61,45,59,62,46,62,66,275000,3,CAN,
Bret Hedican,D,6,Veteran,L,74,206,36,71,79,64,77,85,65,78,66,68,68,54,76,79,1245000,1,USA,
Marcel Goc,C,59,Rookie,L,72,195,22,62,72,63,76,83,82,69,64,67,69,59,40,44,700000,3,GER,
Radoslav Suchy,D,23,Veteran,L,74,196,30,64,67,65,80,82,86,67,63,66,72,55,58,63,1250000,2,CZE,
Wayne Primeau,C,18,Veteran,L,76,230,30,74,69,73,79,81,60,62,65,62,70,61,60,64,747000,1,CAN,
Martin Lapointe,RW,27,Veteran,R,71,209,33,74,68,69,75,77,70,69,62,63,71,65,76,80,1500000,3,CAN,
Landon Wilson,RW,28,Veteran,R,75,224,31,73,62,74,80,82,78,61,57,65,69,62,63,67,610050,1,USA,
Milan Michalek,LW,49,Rookie,L,74,205,20,64,66,72,75,68,77,69,66,67,66,61,40,44,750000,3,CZE,
Ryane Clowe,RW,51,Rookie,L,74,205,23,68,60,69,67,70,80,62,63,63,68,53,45,44,500000,3,CAN,
Dan Boyle,D,31,Veteran,R,71,192,30,68,74,63,82,82,79,73,75,79,72,56,53,58,1909000,2,CAN,
Derek Morris,D,54,Veteran,R,72,220,28,73,73,68,82,83,84,72,76,73,73,54,62,67,3450000,4,CAN,
Derek Boogaard,LW,2,Rookie,R,79,250,23,87,58,88,68,82,30,60,56,55,62,48,44,44,500000,3,CAN,
Doug Murray,D,47,Veteran,L,75,245,25,79,60,82,72,77,79,58,54,62,70,43,40,44,550000,3,SWE,
Shawn McEachern,RW,17,Veteran,L,71,200,37,72,71,60,80,78,82,70,76,70,72,67,86,87,1660000,1,USA,
Bryan Berard,D,34,Veteran,L,74,220,29,69,75,69,81,84,65,74,84,80,67,58,61,65,1668300,1,USA,
Todd Simpson,D,5,Veteran,L,75,227,33,77,54,76,79,78,39,55,50,63,67,51,74,78,1245000,2,CAN,
Jason Spezza,C,26,Veteran,R,74,206,23,68,68,68,82,77,78,69,91,79,70,72,55,58,1400000,2,CAN,
Josh Langfeld,RW,33,Veteran,R,75,214,29,65,63,72,78,77,80,62,54,61,67,57,53,56,373500,1,USA,
Anton Volchenkov,D,27,Veteran,L,73,227,24,77,66,74,82,75,77,65,63,67,75,45,50,50,950000,2,RUS,
Marek Malik,D,10,Veteran,L,77,235,31,65,59,80,78,81,69,55,63,65,75,52,62,65,1369500,3,CZE,
Keith Ballard,D,2,Rookie,L,71,202,23,63,70,65,76,83,67,71,69,67,64,49,40,44,850000,3,USA,
Patrik Elias,LW,32,Veteran,L,73,195,30,63,79,63,82,84,77,79,79,77,73,83,72,75,4800000,1,CZE,
Garth Murray,LW,37,Rookie,L,73,205,24,69,64,70,76,78,64,65,44,58,64,51,40,44,630800,1,CAN,
Janne Niinimaa,D,45,Veteran,L,73,220,31,71,74,64,79,84,78,73,70,72,73,56,70,75,2407000,1,FIN,
Glen Murray,RW,36,Veteran,R,75,223,33,70,70,77,83,84,67,68,75,78,73,81,76,81,4565000,2,CAN,
Bryan McCabe,D,24,Veteran,L,74,220,31,79,72,77,86,83,67,70,83,80,77,68,71,76,2905000,3,CAN,
Owen Nolan,RW,11,Veteran,R,73,215,34,73,72,73,81,80,54,74,76,74,72,71,86,92,3320000,1,IRL,
Kip Miller,LW,38,Veteran,L,70,188,37,59,68,60,79,81,84,66,74,68,70,62,75,78,747000,2,USA,
Paul Ranger,D,55,Rookie,L,74,210,21,64,63,69,76,78,71,62,59,60,66,46,40,44,500000,3,CAN,
Darren McCarty,RW,30,Veteran,R,73,215,34,79,63,77,79,76,70,64,53,59,71,60,86,88,1037500,3,CAN,
Shean Donovan,RW,35,Veteran,R,74,205,31,63,78,66,79,81,53,74,67,64,68,69,74,76,996000,2,CAN,
Oleg Kvasha,LW,22,Veteran,R,77,230,28,65,71,73,80,83,75,70,77,72,67,66,53,55,1328000,3,RUS,
Shawn Bates,C,18,Veteran,R,72,210,31,69,78,64,79,80,79,76,65,68,73,62,60,65,1750000,3,USA,
John Madden,C,41,Veteran,L,71,190,33,66,76,66,81,82,82,76,68,65,74,66,62,66,2697500,2,CAN,
Ron Tugnutt,G,31,Veteran,L,71,165,38,79,76,74,75,79,93,75,65,75,0,0,88,92,2324000,1,CAN,
Curtis Joseph,G,44,Veteran,L,71,190,39,88,85,80,88,87,93,86,65,86,0,0,90,94,3320000,3,CAN,
Marc Savard,C,42,Veteran,L,70,195,29,69,80,61,88,81,64,76,88,78,64,75,55,60,1660000,2,CAN,
Andrej Meszaros,D,7,Rookie,L,74,190,20,65,71,66,79,83,78,73,71,68,70,54,40,44,650000,3,CZE,
Vaclav Varada,LW,43,Veteran,L,72,208,30,72,68,64,79,76,74,71,55,60,67,61,62,62,1245000,3,CZE,
Martin Prusek,G,46,Veteran,R,74,176,30,78,80,78,78,84,89,77,71,76,0,0,52,56,518750,1,CZE,
Peter Bondra,LW,14,Veteran,L,73,202,38,64,78,65,79,81,79,79,71,70,69,76,84,84,3735000,1,UKR,
Brad Lukowich,D,47,Veteran,L,73,205,30,67,66,66,80,82,82,65,64,64,71,52,63,67,913000,1,CAN,
Igor Korolev,C,23,Veteran,L,73,197,36,58,70,63,79,82,78,72,54,58,66,55,72,68,1328000,1,RUS,
Alexander Karpovtsev,D,25,Veteran,L,75,221,36,60,65,67,78,76,67,67,65,62,66,45,69,70,2573000,1,RUS,
Shawn Horcoff,C,36,Veteran,L,73,204,28,71,73,66,79,81,68,71,76,66,69,71,53,57,1270620,4,CAN,
Danny Markov,D,55,Veteran,L,73,190,30,75,71,69,80,83,66,71,64,63,72,53,61,64,2500000,3,RUS,
Alexei Ponikarovsky,LW,39,Veteran,L,76,220,26,64,71,72,80,82,79,73,68,64,70,59,40,44,433675,1,RUS,
Nathan Horton,RW,18,Veteran,R,74,201,21,70,65,70,78,75,74,65,63,66,70,72,43,47,1029200,1,CAN,
Bryan Marchment,D,27,Veteran,L,73,200,37,78,61,73,81,82,59,61,52,61,72,46,78,81,1037500,2,CAN,
Ruslan Salei,D,44,Veteran,L,73,213,31,78,65,61,81,87,63,65,58,62,72,51,62,62,1425500,1,BLR,
Keith Primeau,C,45,Veteran,L,77,220,34,77,73,78,81,78,64,70,67,74,75,68,90,96,4150000,3,CAN,
Krzysztof Oliwa,LW,29,Veteran,L,77,240,33,87,53,84,80,81,25,58,45,48,59,52,54,56,415000,3,POL,
Ivan Ciernik,LW,48,Veteran,L,72,218,28,58,67,64,75,77,80,65,53,58,64,56,48,50,269750,1,CZE,
Steve Staios,D,37,Veteran,R,73,200,33,75,57,70,79,84,73,57,69,66,74,53,62,65,1577000,2,CAN,
Konstantin Barulin,G,49,Rookie,L,72,180,22,67,66,68,72,80,83,67,62,55,0,0,40,41,543650,2,RUS,
Krys Kolanos,RW,38,Veteran,R,75,206,25,68,70,70,78,79,75,69,54,64,64,55,48,51,1079000,2,CAN,
Karel Pilar,D,30,Veteran,R,75,207,28,68,64,67,77,78,80,64,67,66,68,49,52,57,550000,2,CZE,
Jiri Fischer,D,5,Veteran,L,77,226,26,74,66,78,78,78,73,65,64,63,72,52,45,47,979400,2,CZE,
Garnet Exelby,D,17,Veteran,L,73,215,25,84,61,80,76,80,50,61,54,61,69,45,34,34,539500,2,CAN,
Jim Fahey,D,10,Veteran,R,72,205,27,60,65,60,76,78,57,66,61,61,63,46,45,48,550000,3,USA,
Steve Thomas,RW,32,Veteran,L,71,185,43,65,63,64,75,80,74,64,62,63,71,66,88,89,830000,1,ENG,
Nik Antropov,RW,9,Veteran,L,78,220,26,71,68,73,81,79,71,67,69,69,72,68,46,51,1000000,2,RUS,
Stephen Weiss,C,11,Veteran,L,71,180,23,63,68,59,78,77,82,68,67,65,67,63,45,49,973900,2,CAN,
Mark Hartigan,C,12,Veteran,L,72,205,28,57,58,61,72,76,74,59,52,51,62,56,40,44,477250,3,CAN,
Fred Brathwaite,G,42,Veteran,L,68,176,33,77,79,73,77,84,85,77,65,75,0,0,69,74,850000,2,CAN,
Chris McAllister,D,43,Veteran,L,79,250,31,75,52,76,78,80,52,58,47,55,62,45,59,62,539500,1,CAN,
Craig Johnson,LW,25,Veteran,L,74,198,34,58,70,71,78,82,80,70,57,58,69,51,75,79,415000,2,USA,
Jussi Markannen,G,46,Veteran,L,72,182,31,80,80,77,78,84,90,77,70,78,0,0,50,53,533275,1,FIN,
Brad Isbister,LW,24,Veteran,R,76,231,29,73,70,74,78,81,72,70,57,62,65,65,56,59,1597750,3,CAN,
Ed Belfour,G,47,Veteran,L,71,202,41,90,88,85,91,90,79,89,73,88,0,0,91,92,4980000,2,CAN,
Jarret Stoll,C,41,Veteran,R,73,201,24,67,61,65,76,79,77,61,69,62,67,67,43,47,950000,3,CAN,
Marc-Andre Fleury,G,31,Veteran,L,74,175,21,77,80,72,74,83,85,76,65,74,0,0,40,44,913000,2,CAN,
Sean Bergenheim,LW,28,Rookie,L,70,194,22,60,63,58,75,78,78,65,44,55,63,51,40,44,722100,2,FIN,
Matt Stajan,LW,13,Veteran,L,73,180,22,62,68,57,78,80,83,67,62,64,67,65,40,44,1130000,3,CAN,
Boyd Gordon,C,27,Veteran,R,72,198,22,62,65,64,76,78,83,66,54,60,65,50,40,44,643250,2,CAN,
Shayne Corson,LW,31,Veteran,L,73,202,40,72,60,71,77,81,63,60,60,59,71,63,88,94,249000,1,CAN,
Brendan Morrison,C,9,Veteran,L,71,185,31,62,76,59,80,82,66,75,81,77,75,72,56,60,2033500,2,CAN,
Filip Kuba,D,17,Veteran,L,75,205,29,67,64,68,82,84,79,65,69,66,71,53,56,60,1411000,2,CZE,
Alex Tanguay,LW,41,Veteran,L,73,190,26,66,77,64,81,83,74,76,88,81,72,75,56,61,1245000,1,QUE,
Michael Peca,C,40,Veteran,R,71,190,32,76,71,67,81,83,74,70,74,69,76,62,75,81,3527500,2,CAN,
Tyler Moss,G,43,Veteran,R,72,206,31,66,69,66,69,73,74,65,64,66,0,0,65,61,373500,2,CAN,
Christian Backman,D,44,Veteran,L,76,204,26,70,68,74,81,82,83,67,65,68,69,51,40,44,1200000,3,SWE,
Mike Comrie,C,89,Veteran,L,69,178,26,67,79,59,80,82,79,78,74,76,68,73,51,54,1245000,2,CAN,
Pierre Turgeon,LW,77,Veteran,L,73,199,37,61,73,64,77,80,80,71,74,69,68,66,90,92,2500000,2,CAN,
Joe Corvo,D,20,Veteran,R,73,218,29,62,65,65,78,80,76,66,69,67,72,57,43,47,450000,2,USA,
Peter Schaefer,LW,72,Veteran,L,71,194,29,70,69,69,81,82,80,73,71,66,75,64,54,58,498000,2,CAN,
JS Aubin,G,32,Veteran,R,71,185,29,75,79,75,81,85,88,76,71,75,0,0,61,64,722100,2,CAN,
Allan Rourke,D,33,Veteran,L,74,215,26,65,55,67,75,77,54,57,49,54,67,46,38,42,498000,2,CAN,
Shane Doan,RW,19,Veteran,R,74,216,29,76,74,75,83,85,88,74,81,76,74,74,69,75,2324000,2,CAN,
Brendan Shanahan,RW,14,Veteran,R,75,220,37,75,68,75,78,84,59,66,74,75,74,75,88,92,5395000,1,CAN,
Glen Wesley,D,2,Veteran,L,73,203,37,67,61,62,78,85,78,67,56,58,75,45,92,94,2282500,1,CAN,
Matt Cooke,RW,24,Veteran,L,71,205,28,76,72,62,77,82,60,73,65,66,73,66,56,61,435750,1,CAN,
Mattias Ohlund,D,3,Veteran,L,75,220,30,76,71,76,81,83,71,74,73,71,77,57,61,64,2282500,1,SWE,
Teppo Numminen,D,45,Veteran,R,74,198,38,64,70,67,78,88,80,70,74,70,71,49,90,93,3735000,1,FIN,
Tomas Surovy,LW,22,Veteran,L,72,191,25,62,71,61,77,81,81,70,67,65,67,67,40,44,700000,2,CZE,
Jordin Tootoo,RW,57,Veteran,R,68,198,23,76,65,71,77,81,51,65,49,56,64,52,40,44,477250,1,CAN,
Chris Phillips,D,6,Veteran,L,75,215,28,72,65,74,81,83,84,71,65,65,73,54,63,68,1390250,3,CAN,
Jocelyn Thibault,G,42,Veteran,L,71,169,31,85,84,82,88,78,90,86,69,87,0,0,75,80,2573000,3,CAN,
Trevor Linden,RW,16,Veteran,R,76,220,36,70,61,71,76,81,79,63,67,67,71,68,86,94,2282500,2,CAN,
Sean Pronger,C,36,Veteran,L,75,205,33,67,59,76,76,80,76,59,46,50,65,54,58,58,332000,1,CAN,
Ryan Bayda,LW,39,Veteran,L,71,185,25,69,61,60,75,79,76,61,53,54,60,54,45,47,670000,2,CAN,
Mike Van Ryn,D,11,Veteran,R,73,202,27,68,74,67,83,84,74,74,71,75,70,57,49,54,935825,1,CAN,
Ian Laperriere,C,26,Veteran,R,73,202,32,77,65,72,79,83,68,68,67,65,74,67,80,85,1500000,3,CAN,
Alexander Khavanov,D,32,Veteran,L,73,192,34,68,66,67,80,78,81,67,67,66,70,51,61,64,1079000,2,RUS,
Tim Connolly,C,20,Veteran,R,73,186,24,59,74,62,79,76,75,76,76,69,65,61,44,48,1200000,2,USA,
Darcy Hordichuk,LW,10,Veteran,L,73,215,26,81,67,74,80,82,38,69,45,53,67,53,48,52,500000,3,CAN,
Jimmy Howard,G,36,Veteran,L,72,218,21,68,71,79,73,71,81,69,70,72,0,0,40,44,700000,3,USA,
Darcy Verot,LW,22,Veteran,L,72,190,30,79,60,76,76,78,28,58,45,52,61,50,47,50,373500,1,CAN,
Dwayne Zinger,D,24,Veteran,L,76,225,30,75,54,76,77,78,42,53,45,52,59,45,46,48,249000,1,CAN,
Andrew Cassels,C,38,Veteran,L,73,185,37,62,71,59,77,84,78,71,73,69,68,65,84,88,3200000,3,CAN,
John Gruden,D,26,Veteran,L,72,205,36,60,58,61,75,77,76,56,44,56,63,45,52,55,286350,1,USA,
Mark Rycroft,RW,47,Veteran,R,71,194,28,66,70,61,82,82,83,68,60,66,70,57,47,52,765000,3,CAN,
Sidney Crosby,C,87,Rookie,L,71,193,18,67,77,65,80,81,67,77,82,72,65,72,40,44,850000,3,CAN,
Andrej Podkonicky,C,45,Veteran,L,73,207,28,58,61,65,74,77,74,59,43,54,59,47,44,45,475000,3,CZE,
Chris Mason,G,30,Veteran,L,72,195,30,77,77,76,78,85,86,76,59,77,0,0,51,56,695000,2,CAN,
Bill Guerin,RW,16,Veteran,R,74,210,35,77,76,73,81,86,62,77,75,77,71,79,81,88,7470000,2,USA,
Scott Lachance,D,18,Veteran,L,73,215,33,68,66,67,79,84,79,70,53,57,73,45,81,87,1660000,1,USA,
Brian Willsie,RW,50,Veteran,R,73,195,28,60,66,63,80,81,82,65,58,62,68,63,52,56,456500,3,CAN,
Chris Hajt,D,29,Veteran,L,75,206,28,60,57,65,74,77,73,58,43,53,62,45,42,44,524980,2,CAN,
Colin Forbes,LW,17,Veteran,L,76,215,30,64,60,65,74,77,76,62,43,54,62,50,56,59,150000,1,CAN,
Matt Johnson,LW,12,Veteran,L,77,235,30,85,54,83,78,80,41,58,45,54,64,57,59,59,966950,1,CAN,
Dimitri Afanasenkov,LW,49,Veteran,R,74,195,26,59,77,61,78,79,83,75,59,62,65,54,44,48,1000000,3,RUS,
Jason Doig,D,35,Veteran,R,75,230,29,74,60,75,80,82,59,59,59,63,71,47,57,62,650000,3,CAN,
Jean-Luc Grand-Pierre,D,34,Veteran,R,75,228,29,74,68,74,79,80,75,68,49,65,70,49,56,60,1000000,2,CAN,
Joel Kwiatkowski,D,39,Veteran,L,72,201,29,72,64,67,80,82,68,62,57,59,68,53,60,65,650000,3,CAN,
Georges Laraque,RW,33,Veteran,R,75,243,29,80,58,91,81,85,50,55,56,55,66,58,59,62,1250000,4,CAN,
Martin Cibak,LW,44,Veteran,L,73,197,26,68,66,65,79,78,76,67,51,62,66,50,40,44,600000,2,CZE,
Matt Pettinger,LW,37,Veteran,L,73,205,25,70,76,66,80,82,81,74,61,67,69,59,55,64,1100000,4,CAN,
Mel Angelstad,LW,52,Veteran,L,75,210,34,77,53,76,77,78,32,53,42,50,57,45,46,48,249000,1,CAN,
Mathieu Garon,G,40,Veteran,R,74,202,28,84,83,82,80,81,86,81,80,82,0,0,55,55,830000,1,CAN,
Shaone Morrisonn,D,25,Veteran,L,75,208,23,68,66,68,80,78,80,65,62,66,73,44,44,46,1180000,3,CAN,
Stephen Peat,RW,51,Veteran,R,75,230,26,76,58,76,79,80,52,59,44,53,62,53,40,44,415000,2,CAN,
Todd Rohloff,D,2,Veteran,L,74,218,32,67,62,68,78,78,81,63,53,61,66,45,51,53,332000,1,USA,
Trent Whitfield,C,31,Veteran,L,71,205,29,65,73,61,79,80,79,72,52,63,69,57,53,57,332000,1,CAN,
Lee Stempniak,RW,13,Rookie,R,72,190,22,57,72,59,72,74,79,70,59,53,57,59,40,44,450000,3,USA,
Niklas Hagman,RW,15,Veteran,L,72,205,26,67,68,61,81,83,79,70,61,65,71,60,53,57,751150,1,FIN,
Rob Davison,D,48,Veteran,L,75,220,26,75,63,74,79,80,68,65,56,63,74,45,44,46,550000,2,CAN,
Alexei Smirnov,RW,54,Rookie,L,75,211,24,62,69,62,71,66,82,67,56,56,66,53,41,40,705500,2,RUS,
Curtis Brown,C,53,Veteran,L,72,196,30,65,73,62,80,83,89,72,64,68,72,64,67,72,1328000,2,CAN,
Jeff Taffe,C,27,Veteran,L,75,201,25,63,64,71,79,80,79,66,59,65,65,58,40,44,1250000,1,USA,
